data;descricao;categoria;Valor
2022-08-21;Farmácia Drogaria Araujo;SAU;113.98
2021-08-17;deb autor abril;ASS;156.93
2024-12-29;Assinatura Deezer Mensal;ASS;103.29
2023-09-04;lanchonete e churrasca;BAR;877.9
2021-04-27;rshop-sacolao che;MER;485.6
2024-01-10;rshop-zanini a lo;LOJ;434.68
2024-05-18;compra no débito - limpa limpou;CAS;1173.99
2021-12-12;rshop-burger king;BAR;1616.07
2025-01-17;rshop-aki tem;LOJ;1260.14
2022-07-04;cof aplicacao cdb;APL;2.45
2022-11-06;int cpfl paulist;AGU;493.78
2021-01-06;Passagem aérea – Viagem;LAZ;10519.2
2020-07-19;pag*fantasiatelegas;LOJ;897.57
2024-09-08;Assinatura Apple One;ASS;284.24
2022-01-25;Débito Automático Conta de Energia Enel;AGU;135.08
2023-05-10;rshop-hotel barra;LAZ;195.46
2021-07-13;int ipva-spfuy6701;IMP;495.41
2021-07-17;rshop-bar e lanc;BAR;46.49
2022-09-22;eliane bolos;BAR;608.14
2024-07-31;pay -ifd*d esfih;BAR;1534.13
2021-11-17;Material Didático;EDU;2384.88
2023-02-06;rshop-posto okini;ABS;716.0
2020-04-05;Excursão para parque aquático;LAZ;19456.34
2020-10-30;rshop-posto ameri;ABS;546.58
2023-05-10;rshop-bk barueri;BAR;1263.18
2024-08-16;Assinatura Apple One;ASS;216.16
2021-12-04;resgate rdb;APL;489.2
2023-04-19;pay -ifd*d esfih;BAR;1387.54
2022-09-28;Compra Mini Mercado Flor do Dia;MER;97.47
2023-09-12;pay atacadao 33;MER;428.49
2022-11-10;shopee *luaaz;LOJ;358.71
2022-10-14;Restaurante Outback;BAR;220.38
2020-12-14;rshop-cobasi lime;MER;1884.31
2021-02-28;tar saque terminal;TAR;85.28
2023-10-20;estacionamento;PED;788.17
2023-03-24;casa de carn-ct i gord;MER;1982.54
2025-03-19;multa atraso lim conta;JUR;352.05
2024-12-13;rshop-mercado ana;MER;557.22
2021-05-24;tar doc/ted internet;TAR;85.55
2022-01-07;rshop-posto amiga;ABS;363.25
2025-05-10;rshop-lojas nippo;LOJ;1466.38
2020-10-04;rshop-pizzaria pr;BAR;891.96
2024-12-14;rshop-aki tem ame;LOJ;1788.18
2020-02-08;agro pet sho-ct ropa;MER;1331.85
2024-04-27;rshop-padaria ami;MER;425.5
2020-10-24;Compra Drogaria São Paulo;SAU;952.95
2025-04-16;pay netflix ent;ASS;155.95
2023-11-18;rshop-pag*burgerh;BAR;1248.86
2020-10-25;estacionamento;PED;820.29
2020-01-17;compra de criptomoedas;APL;746.54
2020-08-01;rshop-lojas zanin;LOJ;748.11
2021-01-28;rshop-farma ponte;SAU;265.77
2023-03-05;Juros cartão de crédito;JUR;7.37
2025-05-22;rshop-farmaciadop;SAU;747.79
2024-04-01;alga mecanica e eletr;MAN;2617.88
2024-05-06;pay merca;MER;733.01
2022-09-21;compra no débito - dang peng comercio;LOJ;1909.51
2022-07-24;rshop padaria la s0107;BAR;1913.19
2024-02-16;pay -ifd*massas;BAR;1275.71
2024-05-30;pay ifd*cobasi;MER;384.29
2021-03-10;tar doc internet;TAR;96.47
2025-04-01;uber uber *trip;TRP;23.88
2023-07-19;tenda atacado;MER;1529.41
2022-05-11;compra no débito - pag*buffetfioridi;LOJ;1638.55
2022-01-01;Livros Universitários;EDU;354.62
2023-03-20;rshop-choperia ba;BAR;720.06
2024-04-08;rshop-lojas uniao;LOJ;1958.68
2024-08-09;seguro viagem;SEG;2564.38
2024-01-29;rshop-doce mania;BAR;1110.44
2021-01-27;rshop-sacolao do;MER;641.77
2023-01-21;Imposto de renda – IRPF;IMP;166.75
2024-10-18;rshop-artista da;LOJ;669.12
2025-03-22;jakson dias padilh;LOJ;932.24
2021-10-30;rshop-mcdonalds a;BAR;1640.32
2022-11-30;Compra Kopenhagen Doces;BAR;1572.1
2022-03-13;rshop-hotel monre;LAZ;6909.81
2023-07-27;assai atacadista;MER;495.89
2023-01-15;Plano de saúde – Mensalidade;SAU;949.87
2022-07-09;rshop-barra doce;BAR;583.55
2024-01-02;compra no débito - dang peng comercio;LOJ;989.67
2023-06-21;pag*solangeaparecida;LOJ;1671.91
2024-11-21;Curso de Idiomas;EDU;1881.66
2022-07-05;siguivila co-ct io de;LOJ;1954.59
2021-05-19;pousada bela-ct ta;LAZ;13234.86
2023-11-17;tar doc eletronico;TAR;18.14
2024-04-03;rshop-hotel piva ;LAZ;10210.46
2022-04-26;portal de poa auto pos;MAN;1245.03
2023-04-20;pis;IMP;438.86
2024-06-09;rshop-tks loja vi;LOJ;934.83
2023-10-21;aplicação rdb;APL;253.79
2020-05-21;Restaurante Giraffas;BAR;1272.91
2020-03-09;pay -amigao rest;BAR;258.9
2021-08-18;rshop-viena expre;BAR;1023.63
2023-09-18;rshop-posto vitor;ABS;916.21
2022-05-24;Ração premium – Cães grandes;PET;721.76
2022-05-10;int claro s.a;ASS;181.37
2023-06-20;rshop-choperia ba;BAR;169.56
2025-04-26;Compra Farmácia Bom Preço;SAU;121.19
2021-07-21;compra no débito - pg *ton padariA;MER;1288.49
2022-02-20;pag*restaurantejunior;BAR;265.76
2020-03-28;mp*feira;LOJ;1362.6
2020-09-27;rshop-posto abc d;ABS;980.84
2023-02-27;deb autor netflix.com;ASS;225.87
2022-08-24;compra no débito - opsom;LOJ;435.76
2024-01-03;agropet mine-ct ltda;MER;1118.51
2023-02-11;rshop-europa 10;ABS;615.81
2023-03-07;rshop-pag*farmaci;SAU;978.3
2020-02-19;Restaurante China in Box;BAR;427.66
2021-12-19;pay  -star games;LOJ;1285.56
2020-08-27;bki vivo-sp;ASS;48.32
2022-12-15;pay posto amiga;ABS;307.42
2025-03-04;Compra Empório Gourmet Central;MER;149.31
2024-10-29;int dpvat-sp fuy-6701;IMP;227.51
2022-07-07;Feira do Produtor;MER;396.43
2023-02-06;Supermercado Extra;MER;90.22
2021-12-07;mercadolivre*yaz;LOJ;804.0
2024-10-09;microsoft*microsoft;ASS;14.13
2021-09-11;rshop-posto genti;ABS;347.89
2025-01-22;tar doc/ted internet;TAR;53.55
2021-11-28;rshop-seta atacad;MER;890.39
2023-07-04;tar maxiconta mens;TAR;90.71
2020-12-07;uber one help.uber.com;TRP;15.32
2023-03-27;Restaurante Spoleto;BAR;405.79
2024-08-16;rshop-lanchonete;BAR;1869.39
2022-11-28;Restaurante Habib's;BAR;326.2
2021-07-24;emporio flor-ct;MER;475.33
2025-02-12;rshop-pag*farmaci;SAU;1000.22
2021-05-25;rshop-bandini;CAS;3720.31
2022-04-06;rshop-barbearia;LOJ;588.97
2020-10-29;rshop-hotel silve;LAZ;4121.83
2024-07-15;int cpfl;AGU;60.73
2023-01-19;cpfl cia paulista fo;AGU;298.28
2025-05-20;compra no débito - construdecor;LOJ;1963.2
2021-09-13;pay aut post s;ABS;884.95
2025-05-01;pay centro auto;ABS;279.67
2020-07-13;compra no débito- gabioneta comercio;LOJ;190.19
2024-05-03;mercadolivre*fortesup;LOJ;1098.33
2021-08-22;rshop-posto europ;ABS;231.79
2022-06-18;Compra Restaurante Veggie Vida;BAR;1492.7
2020-09-03;pay-estacioname;PED;798.8
2023-07-31;Teatro Municipal;LAZ;3499.64
2022-08-17;rshop-184 piracic;LOJ;1273.75
2020-12-04;Compra Petz - Pet Shop;PET;883.32
2021-08-10;rshop-havan sta b;LOJ;750.28
2021-06-22;compra no débito - tenda atacado;MER;1774.77
2022-04-17;Compra Petshop Amigo Fiel;PET;828.67
2021-06-22;cof aplicacao cdb;APL;627.41
2022-05-26;cxe das;JUR;521.38
2023-05-19;Supermercado Guanabara;MER;382.45
2021-12-19;tar saque pessoal;TAR;10.93
2022-05-27;rshop-padaria fra;BAR;661.36
2025-05-27;Academia Bio Ritmo;SAU;246.24
2022-03-15;uber pending;TRP;20.55
2022-12-16;compra no débito - magazine americana;LOJ;1591.42
2022-03-16;quiosque do -ct;LOJ;1398.08
2020-05-20;Pós-Graduação;EDU;1234.69
2022-08-26;rshop-pag pasteld;BAR;1776.54
2024-12-31;Pagamento Boleto Conta de Água Sabesp;AGU;176.03
2023-08-20;cxe multa sp;JUR;60.43
2022-11-10;Ração premium – Cães grandes;PET;940.44
2021-03-18;Assinatura Deezer;ASS;286.06
2020-06-21;encargos (financiamento + moratório);TAR;92.55
2022-03-29;Compra Shopee Marketplace;LOJ;1548.43
2021-12-11;IPTU – Imóvel urbano;IMP;48.03
2021-06-14;pay  -luciana apa;LOJ;226.57
2021-05-22;rshop-cacambas ca;BAR;1552.14
2025-05-12;rshop-drogaria ua;SAU;919.53
2024-12-02;Consulta veterinária – PetVita;PET;961.52
2024-01-04;bandini lar construcao;CAS;2583.34
2021-08-13;tar ted internet;TAR;52.55
2024-07-08;compra no débito - assai atacadista;MER;103.57
2020-01-09;rshop-posto rapos;ABS;870.45
2024-02-19;rshop-posto cross;ABS;691.86
2024-02-08;rshop-posto rj sa;ABS;193.42
2022-03-17;pay -lanches rod;BAR;1044.06
2025-04-07;pag*youplayc-ct;LOJ;1824.28
2024-01-11;rshop-mercad vila;MER;1893.0
2025-02-14;geo cosmeticos;LOJ;587.38
2022-03-08;pay -adega de fa;BAR;1743.21
2023-06-04;Compra Loja Geek Hero World;LAZ;17085.43
2020-12-17;emporio flor-ct;MER;190.27
2024-10-16;crédito de parcelamento;CRD;8757.15
2020-02-17;Juros cartão de crédito;JUR;229.01
2022-10-22;construdecor;CAS;1690.45
2023-07-26;compra no débito - mp *marli;LOJ;1017.21
2020-02-14;encargos (financiamento + moratório);TAR;70.66
2020-03-25;Compra via Mercado Pago;LOJ;730.99
2020-01-26;Encanador – Vazamento;CAS;1402.55
2024-09-11;jakson dias padilh;LOJ;1837.93
2023-01-13;Compra Loja Mundo Pet;PET;361.47
2021-09-13;Pagamento Amazon Kindle;ASS;229.0
2021-08-14;rshop-minimercado;MER;1403.93
2024-10-31;rshop-padaria la;BAR;67.41
2022-07-24;rshop-arte em acu;LOJ;343.73
2023-07-21;seg multiprotecao;SEG;314.98
2022-03-26;rshop-pizzaria;BAR;1272.28
2021-04-28;pedagio;PED;198.83
2022-02-05;pag*mariaapa-ct da;LOJ;1272.44
2023-10-31;ipva;IMP;90.45
2024-10-28;marli;LOJ;1817.81
2020-01-18;Compra Cervejaria Artesanal HopLand;LAZ;12450.29
2025-02-22;rshop-drog sao pa;SAU;1244.16
2021-09-30;Compra Restaurante Veggie Vida;BAR;1368.43
2020-01-26;Montagem de móveis;CAS;2748.9
2023-03-29;YouTube Premium;ASS;243.32
2024-11-08;crédito;CRD;3079.86
2020-01-27;rshop-posto sao b;ABS;780.06
2024-05-24;itau seg;SEG;361.72
2025-01-20;int sabesp;AGU;175.2
2023-01-27;Compra Petshop Amigo Fiel;PET;225.6
2021-11-22;google ellation;ASS;168.76
2024-02-08;v f lima;LOJ;549.13
2020-10-14;uber pending;TRP;42.24
2021-05-17;int /dae american;AGU;167.13
2024-07-29;rshop-sabor expre;BAR;1017.39
2022-12-11;emporio flor-ct;MER;913.38
2024-09-30;rshop-agropet pad;MER;928.56
2024-03-03;rshop-padaria ami;MER;814.1
2023-05-31;rshop-posto novo;ABS;287.21
2023-09-04;pay -churrascari;BAR;1399.68
2021-03-20;iof;IMP;193.59
2021-09-19;Compra Cinemark Ingresso;LAZ;15544.63
2020-02-05;Compra Farmácia Drogasil;SAU;1470.23
2024-07-10;pay-estacioname;PED;259.77
2025-02-02;mercadolivre*mercadol;LOJ;987.35
2022-01-15;Vacinação – Clínica Pet&Vida;PET;138.03
2023-04-03;tar saque terminal;TAR;83.27
2025-04-01;posto tio zico;ABS;817.41
2023-02-03;Assinatura Disney+;ASS;180.7
2023-04-02;rshop-lojas nippo;LOJ;1864.22
2023-10-02;rshop-centro aut;ABS;242.71
2022-10-05;Alinhamento e balanceamento;MAN;3219.79
2021-04-22;Compra Mini Mercado Flor do Dia;MER;410.03
2023-11-03;pay  -galeria do;LOJ;1826.63
2023-04-03;rshop-loja eliane;LOJ;136.42
2023-01-17;christini ar-ct;LOJ;1165.08
2024-07-05;Compra Lojas Americanas Online;LOJ;610.11
2024-05-25;cof aplicacao cdb;APL;610.55
2024-01-16;havan sta ba-ct;LOJ;1686.61
2020-07-26;rshop-drogasil 14;SAU;435.1
2024-07-24;dpvat;IMP;29.62
2024-10-30;Consulta veterinária – PetVita;PET;48.88
2025-03-25;rshop-ph sorvetes;BAR;1158.91
2020-03-23;rshop-big pastel;BAR;1131.77
2025-03-15;compra no débito - porfirio neres santan;LOJ;413.13
2023-04-29;rshop-farma nossa;SAU;220.16
2021-05-27;rshop-aut post s;ABS;77.35
2024-05-05;bki sabesp;AGU;420.12
2021-06-27;dpvat;IMP;222.13
2024-07-08;rshop-doce mania;BAR;1246.41
2022-08-04;cxe ipva-sp frw-6462;IMP;428.07
2023-07-12;cpfl paulista;AGU;90.18
2024-01-25;rshop-a e c jorio;LOJ;1984.3
2022-11-08;bki elektro;AGU;253.58
2022-10-20;rshop-casa carnes;MER;1410.21
2022-06-12;rshop-farma centr;SAU;891.73
2020-12-31;pag*farmaciadopovo;SAU;1189.29
2023-11-14;int dae american;AGU;297.09
2021-09-27;int sabesp;AGU;292.89
2022-12-20;rshop-eliane bolo;BAR;1191.68
2021-09-26;rshop-pag*pizzari;BAR;1692.26
2020-12-20;Encanador – Vazamento;CAS;852.26
2020-08-07;deposito de bebidas ad;BAR;150.26
2021-08-04;int cpfl paulistA;AGU;341.58
2023-09-09;supermercado crema;MER;938.74
2025-01-19;imposto de renda;IMP;113.41
2022-01-29;rshop-drogaria be;SAU;568.16
2022-01-08;alga mecanica e eletr;MAN;1197.46
2021-09-10;pagto itau seguros;SEG;1594.3
2025-01-12;bki sabesp;AGU;436.94
2023-01-28;rshop-posto estad;ABS;148.42
2020-10-13;rshop-ancar centr;MAN;1292.71
2020-05-05;crédito de parcelamento;CRD;7107.73
2022-02-24;Imposto de renda – IRPF;IMP;261.0
2021-09-25;rshop-supermercad;MER;1070.66
2024-04-15;planeta agua;MER;134.98
2022-11-23;pag*camicado;LOJ;332.48
2022-09-15;rshop-marisa loja;LOJ;503.05
2020-01-03;rshop-ac alphavil;LOJ;1655.88
2022-02-27;Anuidade cartão Visa;TAR;95.58
2023-03-21;seguro residencial;SEG;2692.95
2021-05-04;compra no débito - planeta agua;LOJ;662.17
2023-04-12;Plano de Saúde;SAU;1049.99
2021-04-10;compra no débito - brinks planet;LOJ;912.74
2023-04-25;mercadolivre*mercadol;LOJ;1465.65
2021-08-27;seguro saude;SEG;1329.19
2020-02-27;rshop-pastel & ci;BAR;1656.69
2020-12-07;iof de rotativo;IMP;366.55
2021-01-04;rshop-burger comp;BAR;208.99
2025-01-31;bki elektro;AGU;458.58
2020-02-06;pay  -cristiano r;LOJ;855.58
2022-07-10;rshop-posto 10;ABS;131.3
2021-09-18;seg multiprotecao;SEG;649.24
2021-07-09;rshop-posto phoen;ABS;473.85
2024-06-07;Compra Submarino.com;LOJ;818.24
2021-03-12;rshop-agro pet sh;MER;1697.68
2022-12-04;rshop-mc donald;BAR;1447.56
2022-02-14;Supermercado Sonda;MER;713.96
2023-07-23;tar maxiconta mens;TAR;63.0
2022-04-16;pag*denisezerbeto;LOJ;328.39
2020-01-06;moreira e lenhare ltd;LOJ;65.91
2020-10-24;int das;IMP;24.38
2023-10-30;cobasi americana;MER;831.2
2024-02-12;Fisioterapia;SAU;615.47
2022-01-15;rshop-pizzaria mi;BAR;325.23
2022-08-31;pag*nobresbeef;MER;1040.95
2023-09-24;rshop-bobs;BAR;531.96
2021-06-27;pay  -shop limeir;LOJ;859.44
2024-05-31;Folha de pagamento – Departamento pessoal;SAL;1855.17
2020-11-22;rshop-bizunguinha;LOJ;110.79
2024-12-23;rshop-manoel rodr;TRP;21.98
2022-10-25;int vivo fixo nac;ASS;167.62
2020-04-19;Pagamento Conta de Gás Naturgy;AGU;425.01
2024-08-13;pay -fini;BAR;898.67
2020-07-21;Compra Supermercado Econômico;MER;1238.74
2021-10-26;uber uber *trip;TRP;17.58
2022-09-27;int das;IMP;74.63
2023-08-26;mercado sertanejo;MER;1148.73
2023-05-27;Compra Petz - Pet Shop;PET;588.46
2024-04-21;rshop-roari hotel;LAZ;3790.67
2022-08-31;rshop-drogaria po;SAU;1115.14
2020-03-31;Saque 24h – Tarifa;TAR;29.53
2020-01-21;Material Didático;EDU;1437.16
2020-09-28;rshop-informatica;LOJ;1491.43
2020-12-19;rshop-havan sta b;LOJ;418.55
2020-02-22;pay  -magic games;LOJ;325.1
2023-07-07;pay posto amiga;ABS;338.3
2024-08-20;compra no débito - pg *ton max 15 ikeda;LOJ;1350.59
2021-11-19;pousada bela-ct ta;LAZ;3098.94
2024-05-13;supermercado crema;MER;1383.35
2024-10-09;Chaveiro residencial;CAS;2847.7
2021-08-20;Farmácia Drogaria SP;SAU;236.34
2021-04-07;Assinatura Amazon Prime Video;ASS;266.39
2023-01-31;Pedido feito via iFood - Sushibar;BAR;1458.57
2024-05-19;dl *shein;LOJ;1478.3
2021-07-26;tar doc/ted internet;TAR;21.53
2021-08-07;Cartão Visa – Compra parcelada;CRD;4812.3
2020-11-04;rshop-1a99;LOJ;561.61
2020-08-02;rshop-posto kioma;ABS;640.79
2022-11-13;uber uber *trip;TRP;49.14
2023-04-12;rshop-andre lanch;BAR;1785.16
2021-12-04;rshop-posto lobo;ABS;497.94
2020-01-11;Apple Music;ASS;297.17
2021-07-04;Assinatura Microsoft 365;ASS;248.68
2024-04-28;uber one help.uber.com;TRP;21.62
2025-01-30;rshop-farmalider;SAU;1106.18
2024-12-14;rshop-farmacia ga;SAU;321.87
2021-06-15;pay drogaria nu;SAU;306.95
2021-12-28;compra no débito - super pop calcados;MER;1382.63
2020-06-18;sisdeb sem parar;PED;518.82
2021-08-16;rshop-hotel nacio;LAZ;6450.99
2020-05-29;rshop-posto maior;ABS;337.0
2022-06-05;Compra Mercado Livre;LOJ;1078.4
2021-07-27;Compra Petshop Amigo Fiel;PET;71.68
2021-04-26;pay -ifd*ifood;BAR;112.49
2025-04-27;Compra Cinemark Ingresso;LAZ;9877.56
2020-04-07;Assinatura Adobe Acrobat Pro;ASS;298.72
2021-06-20;compra no débito - pag*osmarvieirado;LOJ;1576.85
2023-08-31;int tim celular;ASS;175.78
2023-11-11;credito cartao;CRD;2177.64
2023-02-07;rshop-pub;BAR;1780.14
2023-11-30;rshop-drogaria to;SAU;1007.78
2024-09-14;compra no débito - panaro estetica automo;MAN;1726.18
2020-03-22;rshop-farmais bra;SAU;274.52
2021-05-09;rshop-18 lanches;BAR;1477.64
2023-05-19;compra no débito - supermercado sao franc;MER;577.63
2020-09-15;rshop-estacioname;PED;394.85
2022-06-23;rshop-2054raia;SAU;706.83
2021-03-29;estacionamento;PED;717.31
2022-01-06;rshop-pizzaria ci;BAR;402.54
2022-03-19;siguivila co-ct io de;LOJ;1851.37
2020-01-11;Compra Delivery Express Lanches;BAR;1079.42
2020-03-15;Psicoterapia – Sessão semanal;SAU;756.61
2021-01-25;rshop-posto vip;ABS;410.77
2023-06-27;higa atacado;MER;502.18
2020-04-13;rshop-estacioname;PED;180.93
2020-03-23;rshop-coldibelli;LOJ;208.17
2021-12-19;cxe elektro;AGU;307.39
2024-09-17;Assinatura Amazon Prime Video;ASS;111.24
2020-03-25;Consulta veterinária – PetVita;PET;498.82
2023-01-28;rshop-sid s pizza;BAR;1104.21
2024-04-06;Assinatura Twitch Turbo;ASS;290.03
2021-07-25;rshop-cacau show;BAR;1846.55
2022-03-25;rshop-posto brasi;ABS;301.23
2025-04-28;compra no débito - pag*arjoiasecriativas;LOJ;923.57
2021-06-14;pay -burger king;BAR;966.29
2023-07-22;rshop-cobasi lime;MER;750.36
2020-07-29;rshop-lojas ameri;LOJ;150.67
2024-08-06;Exame de sangue – Laboratório XYZ;SAU;221.01
2022-08-23;pay farlimp;SAU;1308.44
2023-12-01;seguro saude;SEG;239.3
2023-05-25;rshop-farmais bra;SAU;1198.15
2024-11-06;rshop-arte bela;LOJ;188.98
2022-02-23;dl *sheincom;LOJ;1099.29
2020-12-27;rshop-drogaria be;SAU;458.45
2025-05-26;HBO Max;ASS;63.27
2021-10-11;Restaurante Saboroso;BAR;901.4
2022-03-12;Compra Casa & Reforma Ferragens;CAS;986.92
2021-09-20;tar ted internet;TAR;58.21
2022-09-14;mp refreska-ct;BAR;931.04
2022-02-04;rshop-bk brasil;BAR;1671.29
2021-05-29;pay paschoal;MAN;3035.46
2020-05-21;higilimp;MER;163.69
2023-12-16;dae americana;AGU;292.02
2024-05-07;Débito automático - Conta de Água Sabesp;AGU;127.51
2020-01-17;granado phar-ct as;SAU;407.52
2025-05-29;rshop-drogaria sa;SAU;231.63
2023-06-29;italin house-ct rica;BAR;800.11
2022-03-29;Pagamento Boleto Conta de Luz Enel;AGU;485.39
2025-03-27;rshop-verdan 1 99;MER;504.28
2021-05-11;Vacinação – Clínica Pet&Vida;PET;195.75
2024-10-30;int ipva-sp frw-6462;IMP;329.09
2024-08-09;rshop-ultracenter;LOJ;584.1
2024-11-02;int cpfl paulist;AGU;205.38
2020-08-27;sisdeb liberty seg;SEG;2912.26
2023-03-26;compra no débito - brinks planet;LOJ;1430.89
2023-12-02;pay drog carref;SAU;537.89
2023-06-01;uber one help.uber.com;TRP;39.63
2024-02-10;loja veste 1-ct;LOJ;1695.38
2021-04-07;luciana aparecida alv;LOJ;825.04
2022-07-15;rshop-posto rede;ABS;796.87
2022-10-30;cof aplicacao cdb;APL;390.44
2020-02-24;shopee *shpstecnol;LOJ;938.8
2020-10-14;a instrumental instrum;LOJ;1360.04
2020-11-14;rshop-agropecuari;MER;392.1
2021-02-01;pay  -studio game;LOJ;654.36
2020-03-28;rshop-hotel formu;LAZ;8664.24
2023-02-22;rshop-agro tavare;MER;944.02
2020-01-12;Tarifa bancária – DOC;TAR;96.45
2025-03-10;Disney+;ASS;219.32
2023-06-24;Compra Hortifruti Local;MER;1597.32
2020-01-30;rshop-posto petro;ABS;967.68
2020-05-07;compra no débito - estacao cultural;LOJ;1005.33
2020-01-27;rshop-farmacia ar;SAU;399.64
2021-05-25;Restaurante Madero;BAR;937.95
2024-04-09;rshop-posto sao v;ABS;210.83
2021-01-08;tenda atacado;MER;491.74
2023-07-28;cobasi sb oe-ct tivoli;MER;869.94
2024-11-21;int /dae american;AGU;317.68
2022-11-21;rshop-farmax;SAU;1089.0
2021-06-01;rshop-drogaria ns;SAU;1057.3
2021-05-09;rshop-doca moda i;LOJ;1719.07
2024-11-17;rshop-bar do zado;BAR;265.32
2020-12-22;aplicação rdb;APL;732.59
2022-08-23;Dedetização residencial;CAS;3269.37
2024-12-31;rshop-belle bras;LOJ;117.65
2022-01-30;fini;BAR;834.39
2025-01-13;rshop-posto lava;ABS;462.16
2020-05-05;Restaurante Madero;BAR;1746.73
2025-02-08;rshop-cajuru farm;SAU;983.47
2020-02-25;pag*youplayc-ct;LOJ;1298.65
2023-10-25;Livros Técnicos;EDU;2566.7
2025-01-23;rshop-estacioname;PED;520.2
2022-07-02;pagamento de conta de agua;AGU;377.94
2021-08-05;casa de carnes boi gor;MER;840.98
2024-02-21;Assinatura Amazon Prime Video;ASS;267.49
2021-12-20;rshop-padaria bar;MER;1378.28
2021-03-27;Compra Farmácia Drogasil;SAU;194.45
2022-02-24;Farmácia Pacheco;SAU;1222.42
2024-12-20;pay  -hopbeer;LOJ;102.7
2024-07-01;rshop-farm homeop;SAU;216.35
2020-08-28;Tag Livros Clube de leitura;ASS;224.2
2021-01-23;Posto BR Central;ABS;290.2
2023-09-25;supermercado-ct;MER;469.99
2024-04-11;Assinatura Disney+;ASS;26.82
2020-05-01;rshop-atacadao;MER;922.24
2021-02-16;Posto Ipiranga Norte;ABS;784.46
2020-06-24;rshop-zanini;LOJ;1478.12
2023-12-04;rshop-loja eliane;LOJ;105.11
2021-08-03;rshop-atac;MER;679.12
2023-07-28;Compra em Sorveteria Local;BAR;1148.24
2025-05-24;aplicação rdb;APL;446.8
2023-01-07;rshop miniso dom p3006;LOJ;715.36
2020-04-28;Pagamento Conta Gás Naturgy;AGU;258.42
2023-12-16;Spotify Premium;ASS;178.41
2023-08-02;juros excesso lim conta;JUR;47.89
2022-05-08;Airbnb – Final de semana;LAZ;14996.76
2021-10-11;Fatura Banco Inter;CRD;11816.27
2022-08-20;rshop-posto lobo;ABS;443.62
2022-05-08;Pagamento Academia Corpo & Ação;SAU;975.89
2023-02-12;tar saque pessoal;TAR;6.77
2025-05-21;geo cosmetic-ct;LOJ;883.17
2022-06-05;amazon prime canais;ASS;191.48
2022-08-06;crédito de rotativo;CRD;3174.57
2021-12-17;granado phar-ct as;SAU;501.45
2024-06-29;rshop-pag*postoam;ABS;909.56
2022-05-13;rshop-bella minei;LOJ;1656.13
2020-08-25;mercado sertanejo;MER;920.98
2020-12-03;rshop-cobasi sb;MER;1061.53
2022-04-10;Compra Google Play Store;ASS;174.75
2023-05-18;Fisioterapia;SAU;1093.13
2024-11-27;rshop-loja lupo;LOJ;1442.97
2023-12-26;rshop-bites e byt;LOJ;253.66
2020-09-27;rshop-posto jagua;ABS;417.61
2024-10-06;Pagamento Consulta Médica;SAU;559.66
2024-05-17;rshop-adiqplu*mai;LOJ;1866.07
2021-08-12;rshop-zanini kids;LOJ;389.53
2020-03-22;drogaria tododia;SAU;181.1
2020-04-21;rshop-loja da sog;LOJ;422.92
2024-02-06;rshop-chef;MER;1822.27
2022-07-02;Consulta Médica;SAU;1363.83
2020-01-18;rshop-posto fenix;ABS;435.65
2025-05-04;rshop-posto estad;ABS;756.24
2020-07-03;rshop-a c jorio;LOJ;1238.34
2020-08-03;todoriso - americ;SAU;890.4
2020-12-15;Compra Sorveteria Delícias Geladas;BAR;1968.53
2021-04-20;rshop-mercado ser;MER;1670.21
2021-06-02;pay  -maddalena m;LOJ;477.21
2023-01-25;pay  -shop limeir;LOJ;165.16
2020-07-27;jakson dias padilh;LOJ;1632.07
2023-05-09;rshop-alesat auto;ABS;710.13
2023-10-10;Disney+;ASS;284.32
2024-02-10;ribeiros cafeteria;BAR;1917.75
2020-06-17;rshop-posto xavan;ABS;744.24
2023-02-04;rshop-padaria flo;MER;1666.73
2024-07-31;Compra em Açougue Santa Carne;MER;1093.62
2023-01-05;uber trip;TRP;58.72
2024-06-17;Compra em Açougue Santa Carne;MER;1926.34
2025-03-25;rshop-casa bauduc;BAR;339.39
2021-09-13;Pro labore – PJ;SAL;2348.95
2023-09-24;rshop-farma lobo;SAU;1167.03
2021-11-25;rshop-loja 576;LOJ;267.41
2025-05-30;rshop-a da silva;LOJ;1611.19
2020-02-20;atac e a serv esperanc;MER;539.43
2025-05-18;rshop-lanches rod;BAR;1976.38
2023-04-19;estacionamento;PED;799.46
2021-06-29;int cpfl;AGU;278.02
2020-11-13;Passagem aérea – Viagem;LAZ;7642.77
2023-04-08;Assinatura Disney+;ASS;81.66
2020-03-11;compra no débito - cristal produtos natur;LOJ;1611.31
2023-11-20;pagamento de conta de agua;AGU;472.5
2022-04-19;rshop-habibs;BAR;1234.05
2024-12-02;rshop-churra  for;BAR;1521.58
2023-12-02;Compra Açougue Bom Corte;MER;1518.72
2021-12-05;Cursos Online;EDU;1744.78
2022-04-08;Rendimento freelancer;SAL;2651.57
2021-06-15;rshop-posto vitor;ABS;97.45
2024-01-11;rshop-europa 10;ABS;951.32
2022-06-18;rshop-supermerc;MER;901.14
2023-11-22;quiosque do -ct irinho;LOJ;949.76
2020-05-13;rshop-beirutao la;BAR;655.64
2024-03-15;tar doc/ted agendado;TAR;11.25
2021-08-19;pay -mc donalds;BAR;214.07
2025-01-08;rshop-cafe shopp;BAR;359.18
2021-09-20;posto skay;ABS;222.59
2020-01-18;rshop-dpaschoal;MAN;673.77
2022-09-29;int tim celular;ASS;28.92
2023-04-15;Troca de pastilhas de freio;MAN;660.71
2021-04-21;compra no débito - rede oba - americana;MER;507.55
2025-06-01;int cpfl;AGU;179.81
2024-06-23;rshop-farmaciadop;SAU;533.88
2023-07-30;estacionamento;PED;730.59
2021-11-20;rshop-posto vip;ABS;72.76
2022-08-16;uber uber *trip;TRP;6.6
2022-03-11;rshop-agro pet-sh;MER;997.47
2020-08-22;compra no débito - comercio de generos;MER;1525.83
2021-09-25;pay telecom;ASS;220.37
2023-11-18;mercadolivre*lardasfita;LOJ;427.33
2024-01-15;rshop-posto garci;ABS;678.74
2022-06-21;piticas tivoli shoppin;LOJ;1204.31
2023-05-17;pay -rest nicola;BAR;1660.65
2023-10-23;banca do pastel;BAR;1724.59
2025-04-01;resgate rdb;APL;194.68
2025-03-05;rshop-pag*docesab;BAR;1445.9
2023-12-07;tar maxiconta mens;TAR;57.13
2022-01-12;pay posto breme;ABS;382.92
2020-11-04;rshop-big jack ha;BAR;293.71
2025-06-01;mercadolivre*lardasfita;LOJ;1645.06
2023-09-23;Pagamento CLT – Mês corrente;SAL;4904.53
2021-03-29;rshop-posto petro;ABS;61.39
2024-09-22;rshop-farmacia sa;SAU;1313.77
2020-05-06;rshop-mercadao da;MER;1225.1
2025-04-27;rshop-dia loja 29;LOJ;1493.61
2021-06-27;pay  -magic games;LOJ;1222.12
2023-04-23;Restaurante Fogo de Chão;BAR;575.36
2021-04-14;jakson dias padilh;LOJ;993.82
2020-03-27;encargos conta corrente;TAR;90.27
2023-08-31;mp *gatoajat-ct;LOJ;1472.01
2023-04-09;mp *argeuhot-ct;LOJ;890.77
2021-03-16;pay -sorveteria;BAR;125.81
2024-05-12;rshop-posto santa;ABS;959.13
2025-01-14;rshop-grazi paste;BAR;1043.27
2023-03-24;Spotify Música por assinatura;ASS;86.7
2023-11-14;Compra Drogaria Saúde & Vida;SAU;1452.58
2024-01-25;pag*mahogany ;LOJ;1568.54
2020-10-22;eliane bolos-ct;BAR;939.81
2022-05-24;compra no débito - eliane bolos;BAR;1878.32
2020-12-20;Compra Cafeteria Starbucks;BAR;523.83
2022-06-30;on ifd*ifood co;BAR;1020.04
2024-08-20;Café Colonial;BAR;1782.64
2022-11-18;havan sta ba-ct;LOJ;640.8
2020-02-12;rshop-havan sta b;LOJ;1876.23
2024-12-01;Compra Cinemark Ingresso;LAZ;14518.88
2020-01-10;Cartão Visa – Compra parcelada;CRD;1434.64
2025-02-14;Restaurante Habib's;BAR;1222.51
2021-10-26;pay  -dang peng c;LOJ;1521.69
2023-10-24;Compra Farmácia Vida Plena;SAU;1407.32
2023-03-06;dec pre-pago;ASS;284.24
2022-07-13;estacionamento;PED;153.19
2022-05-09;pay -pizzaria;BAR;882.33
2024-12-17;rshop-farma nossa;SAU;169.09
2020-01-10;rshop-hotel barra;LAZ;15723.12
2020-02-21;rshop-sacolao vil;MER;1565.58
2023-06-19;Pagamento Conta Gás Naturgy;AGU;388.34
2024-03-10;Compra Farmácia Pague Menos;SAU;662.37
2020-10-09;Banho e tosa – PetShop Alegria;PET;836.5
2021-09-13;rshop-posto amiga;ABS;597.9
2020-06-17;rshop-posto breme;ABS;994.75
2022-12-05;Compra Loja Mundo Pet;PET;160.61
2025-03-26;apl aplic aut mais;APL;760.53
2024-03-24;pay auto posto;ABS;627.43
2020-02-08;rshop-drogal artu;SAU;664.47
2024-04-16;int /dae american;AGU;405.04
2025-04-13;rshop-bar irmaos;BAR;1969.31
2025-05-25;Farmácia São Paulo;SAU;611.41
2020-11-13;rshop-analu colch;LOJ;510.88
2022-02-28;Compra Loteria MegaSorte;LAZ;10920.69
2021-02-20;pay atacadao 33;MER;1633.78
2024-06-12;compra no débito - restaurante e lanchone;BAR;793.73
2023-05-02;dae americana;AGU;281.45
2021-03-11;res aplic aut mais;APL;740.92
2021-11-27;Compra Feira Noturna Central;MER;480.18
2022-11-17;lanches rodoserv ltda;BAR;587.28
2023-08-08;rshop-brasilar mo;LOJ;354.8
2023-03-08;rshop-ac american;LOJ;1712.61
2020-04-30;cpfl paulista;AGU;190.56
2021-09-03;Compra Padaria Pão Quentinho;MER;889.08
2022-10-23;amazon br;ASS;185.6
2021-04-17;daiso brasil;LOJ;210.74
2024-06-05;itau seguros;SEG;698.62
2021-09-08;Posto Shell Avenida;ABS;977.84
2020-12-08;cof aplicacao cdb;APL;919.31
2023-02-11;Compra App Store;ASS;211.64
2022-12-22;Montagem de móveis;CAS;2208.73
2020-12-03;rshop-construdeva;LOJ;1355.0
2020-04-30;gabriela duarte de cam;BAR;282.16
2023-03-09;juros excesso lim conta;JUR;254.88
2021-09-01;Compra Drogaria Popular Saúde Já;SAU;725.93
2023-07-14;Pagamento Spotify Duo;ASS;120.14
2022-06-14;int ipva-spfuy6701;IMP;374.64
2021-07-23;Débito Automático Conta Copel Energia;AGU;231.39
2023-09-06;Padaria Pão Quente;MER;109.76
2023-10-17;lis/juros;JUR;996.68
2024-02-04;rshop-thais super;MER;385.95
2021-08-24;Farmácia Droga Raia;SAU;909.74
2023-04-19;int elektro;AGU;196.9
2023-03-20;rshop-av bar rest;BAR;160.8
2021-11-14;Supermercado Extra;MER;503.82
2022-07-21;sisdeb sem parar;PED;780.34
2022-08-11;Apple Music;ASS;161.84
2023-06-27;Compra Açougue Carnes Nobres;MER;1626.47
2023-05-06;atacadao 948-ct;MER;976.22
2024-10-16;estacionamento;PED;144.63
2021-02-21;rshop-sabor magic;BAR;1214.89
2020-12-24;atacadao 948-ct;MER;1929.04
2023-11-27;rshop-magazine am;LOJ;307.75
2023-08-25;Compra Supermercado Extra;MER;1051.4
2020-03-19;rshop-posto perpe;ABS;311.12
2024-06-23;Vacinação – Clínica Pet&Vida;PET;680.38
2023-01-19;estacionamento;PED;179.97
2024-07-01;Curso de redação – Pré-vestibular;EDU;1852.36
2021-05-17;Compra Mercado Dia;MER;277.9
2024-06-10;beta lingerie;LOJ;296.31
2022-01-27;mercado sert-ct;MER;88.01
2024-04-24;encargos de atraso;TAR;99.69
2023-04-21;pay bandini lar;CAS;393.87
2020-01-10;rshop-beto carrer;LAZ;3181.36
2022-04-29;pay atacadao 16;MER;1599.81
2020-11-17;rshop-prontofarma;SAU;1015.46
2024-09-01;cxe sabesp;AGU;90.11
2023-06-02;americana informat;LOJ;866.4
2024-03-20;Rendimento freelancer;SAL;4964.29
2020-07-11;rshop-sup sao vic;MER;1249.67
2023-12-27;rshop-pao de acuc;MER;1325.57
2020-10-05;rshop-posto pirac;ABS;600.81
2021-11-16;delicias da padoka;MER;1749.14
2023-10-06;deb autor sem parar;PED;772.13
2023-02-12;rshop-cjc superme;MER;1456.63
2022-11-06;int cpfl paulistA;AGU;419.73
2020-12-07;rshop-subway hava;BAR;1973.58
2021-08-06;mercadolivre*50822252;LOJ;930.76
2020-08-25;mp*feira;LOJ;1113.28
2024-04-07;cxe pre-pago;ASS;299.26
2020-02-01;Débito Automático Conta Copel Energia;AGU;170.0
2021-09-29;pay -rodosnack;BAR;1376.37
2024-07-16;rshop-agro shop;MER;588.38
2022-08-24;rshop-drogao supe;SAU;810.66
2024-06-14;rshop-posto okini;ABS;686.58
2020-06-10;super rodrig-ct taguai;MER;981.1
2020-09-11;rshop-doctor chur;BAR;719.53
2025-03-03;Compra Lanchonete Central;BAR;1254.28
2024-08-01;rshop-super merca;MER;419.72
2025-02-18;Cartão Visa – Compra parcelada;CRD;8919.65
2022-05-07;Compra Supermercado Carrefour;MER;1140.0
2021-10-26;Plano Odontológico;SAU;1268.51
2021-06-14;rshop-drog carref;SAU;480.97
2024-10-19;cpfl cia paulista fo;AGU;441.83
2023-01-17;rshop-pizzaria pa;BAR;870.95
2024-12-16;uber uber *trip;TRP;38.38
2023-11-07;Cartão Visa – Compra parcelada;CRD;11699.11
2025-03-08;rshop-loja lupo;LOJ;480.19
2020-09-16;Assinatura Adobe Acrobat Pro;ASS;78.68
2021-05-10;rshop-loja veste;LOJ;1317.92
2025-01-17;rshop-m2 informat;LOJ;1709.35
2023-03-02;rshop-europa 10;ABS;286.56
2024-02-24;Compra Loja Mundo Pet;PET;640.47
2021-04-29;Compra Loja de Decoração Ateliê Home;CAS;2142.75
2024-08-18;rshop-foto princi;LOJ;1770.21
2024-07-31;rshop-drogafar;SAU;1452.76
2025-01-01;Carrefour Bairro;MER;1766.28
2024-09-19;cxe das;JUR;945.78
2023-01-31;int embratel-21;ASS;288.8
2020-09-30;amazon prime canais;ASS;291.19
2022-05-19;Exame de sangue – Laboratório XYZ;SAU;663.26
2022-07-18;Manutenção de conta corrente;TAR;51.61
2024-07-04;padaria bom -ct oso;BAR;1647.44
2021-04-17;rshop-posto petro;ABS;749.9
2023-08-26;inss;IMP;488.92
2024-03-29;rshop-ac american;LOJ;805.91
2025-03-31;ifood;BAR;983.21
2022-08-17;pay evotek;MAN;848.65
2020-02-02;rshop-october fes;LAZ;9443.21
2024-02-14;rshop-pizza compa;BAR;1842.83
2025-02-26;pay savegnago s;MER;580.18
2022-07-22;emporio flor-ct;MER;318.52
2023-08-07;ipva;IMP;104.04
2021-05-05;rshop-france supe;MER;805.77
2022-11-30;compra no débito - supermercado thais;MER;1722.08
2021-11-01;sisdeb netflix.com;ASS;262.05
2022-05-25;Compra Feira Livre Santo Antônio;MER;1358.45
2024-03-30;rshop-informatica;LOJ;1462.84
2021-08-27;rshop-bk tivoli;BAR;626.24
2021-11-01;Assinatura Globoplay;ASS;178.96
2021-10-12;compra no débito - s s santiago;LOJ;475.73
2023-07-20;rshop-posto ipira;ABS;774.64
2024-12-29;Farmácia Drogaria São Bento;SAU;769.48
2022-03-29;rshop-new bowling;LAZ;17275.86
2023-07-23;rshop-telepizza;BAR;466.61
2022-05-15;int vivo-sp;ASS;286.07
2022-05-13;rshop-droga reims;SAU;634.84
2024-02-10;Feira do Produtor;MER;1270.22
2024-07-25;Pagamento rotativo – MasterCard;CRD;13067.85
2021-11-11;compra de criptomoedas;APL;17.32
2023-03-15;seguro viagem;SEG;1504.15
2020-07-05;da  net servicos;ASS;91.67
2024-09-15;pay mercado nos;MER;824.63
2022-06-23;pay drogaria to;SAU;403.36
2022-02-27;Assinatura HBO Max;ASS;182.31
2022-02-07;Parque de Diversões;LAZ;18606.44
2022-10-19;uber pending;TRP;48.95
2024-11-27;Débito Automático Conta Copel Energia;AGU;364.34
2024-03-06;TED – Transferência;TAR;28.9
2024-02-10;int cpfl paulistA;AGU;143.61
2025-01-06;hotel imperial;LAZ;12177.43
2022-09-18;Clube Wine Vinhos mensais;ASS;228.12
2023-12-03;rshop-lojas zanin;LOJ;454.16
2022-08-14;pay-estacioname;PED;122.65
2025-01-01;int sabesp;AGU;58.74
2020-11-23;rshop-posto estad;ABS;878.67
2021-07-05;pay  -anaguga bij;LOJ;1064.39
2023-09-22;rshop miniso dom p3006;LOJ;1223.4
2024-07-10;rshop-bk - filial;BAR;263.94
2023-10-10;rshop-havanna pir;LOJ;1299.39
2021-10-17;rshop-apaloosas;BAR;409.9
2021-07-21;multa atraso lim conta;JUR;837.95
2022-02-26;Museu de Arte Moderna – Ingresso;LAZ;1130.56
2023-06-07;Cartão Visa – Compra parcelada;CRD;1709.1
2023-04-25;Fatura Banco Inter;CRD;1717.27
2020-10-20;compra no débito - siguivila comercio de;LOJ;323.02
2020-02-04;maion conven-ct ias;LOJ;1813.77
2021-12-26;rshop-posto doura;ABS;512.48
2021-12-30;pay -mc donalds;BAR;1525.96
2025-01-13;europa gas;CAS;926.54
2022-10-08;rshop-lojas elian;LOJ;357.08
2023-08-05;Compra Farmácia Vida Plena;SAU;698.01
2021-04-01;compra no débito - pereira silvestre come;LOJ;1674.51
2022-12-21;pag*mayconfreitas;LOJ;1921.02
2023-07-22;rshop-drogaria;SAU;1136.69
2021-05-26;rshop-sup sao fra;MER;1594.77
2023-07-31;magazine ame-ct na ltd;LOJ;845.82
2020-02-13;rshop-auto posto;ABS;869.93
2022-08-20;rshop-posto garci;ABS;468.39
2025-02-22;pousada pe na terra;LAZ;10001.45
2020-01-04;rshop-bela vista;LOJ;249.69
2023-09-15;uber pending;TRP;48.56
2023-10-16;compra no débito - estacao cultural;LOJ;1776.5
2023-02-23;compra no débito - l'anelli sorvetes e ac;BAR;1492.51
2024-10-08;Compra Loja Mundo Pet;PET;303.58
2021-08-15;rshop-drogaria fa;SAU;607.12
2021-11-25;estacionamento;PED;492.25
2021-02-17;rshop-mafia pizza;BAR;1730.0
2022-03-25;rshop-posto namo;ABS;687.66
2022-04-18;int tim celular;ASS;19.02
2024-08-31;Plano de saúde – Mensalidade;SAU;1221.59
2020-01-13;Tratamento odontológico;SAU;630.71
2022-08-01;rshop-d paschoal;MAN;4081.57
2020-06-24;rshop-posto vip;ABS;621.19
2023-05-28;pay savegnago s;MER;1729.37
2024-12-13;rshop-spani  atac;MER;895.57
2021-06-19;pay thais super;MER;934.93
2022-09-24;autozone brasil com au;MAN;995.65
2020-09-06;rshop-rodosnack;BAR;1756.98
2020-02-09;compra no débito - sagrada face de americ;LOJ;1228.48
2022-03-11;compra no débito - atac e a serv esperanc;MER;203.53
2023-04-17;pag*estrela -ct;LOJ;1964.29
2022-02-26;Clube Wine Vinhos mensais;ASS;91.14
2024-04-03;tar pacote itau;TAR;77.26
2024-05-22;pay atac e a se;MER;539.15
2024-08-09;rshop-bar lanc so;BAR;1605.62
2021-12-03;shpp brasil servicos;LOJ;677.75
2024-05-06;rshop-adilson rab;LOJ;100.31
2024-04-02;compra no débito - drogaria tododia;SAU;323.66
2023-10-16;shopping da -ct idade;LOJ;260.12
2025-03-02;Farmácia PagMenos;SAU;1276.81
2024-10-27;shopping piracicaba;LOJ;1455.69
2022-07-07;Pintura de parede externa;CAS;739.94
2020-11-24;pay auto posto;ABS;83.12
2024-06-29;Compra Loja Mundo Pet;PET;132.81
2021-12-11;Fatura Nubank – Pagamento mensal;CRD;5872.77
2024-02-26;rshop-posto sao v;ABS;190.33
2024-03-15;crédito;CRD;2124.11
2025-05-07;rshop-droga ex;SAU;1335.44
2024-06-13;Deezer;ASS;124.3
2023-09-24;itau seg;SEG;1171.3
2022-08-04;rshop-pizza hut32;BAR;849.73
2024-04-26;rshop-posto doura;ABS;924.02
2021-11-28;Compra Hortifruti Local;MER;1767.66
2020-03-17;Pintura de parede externa;CAS;1425.91
2025-01-05;rshop-mao na roda;MAN;2207.02
2021-11-30;compra no débito - sagrada face de americ;LOJ;1362.65
2021-07-09;rshop daiso 20 2306;LOJ;200.36
2020-01-28;rshop-pollo pizza;BAR;1558.4
2024-12-12;rshop-hotel barra;LAZ;17990.25
2024-05-10;rshop-big bar;BAR;187.42
2022-12-11;rshop-padaria fra;MER;81.97
2023-05-12;rshop-guarafarma;LOJ;482.39
2024-02-13;compra no débito - pag*eletronica;LOJ;117.66
2022-06-28;Pedido Uber Eats - Pizza Rápida;BAR;745.86
2022-07-08;rshop-nobre s bee;MER;834.7
2023-04-16;rshop-coffee hous;BAR;1837.29
2020-03-18;Farmácia Pacheco;SAU;1268.25
2024-07-28;jovanelli e -ct tti;LOJ;1502.71
2021-03-07;uber pending;TRP;57.29
2024-12-10;rshop-pizzaria ca;BAR;1802.49
2023-04-06;Pedido Rappi - Burguer Mania;BAR;766.47
2023-06-21;Farmácia Droga Raia;SAU;365.85
2023-12-30;rshop-posto porta;ABS;193.97
2023-02-26;rshop-posto cross;ABS;433.44
2020-02-16;rshop-loja 199;LOJ;1843.85
2023-06-26;rshop-super pague;MER;758.64
2022-03-16;rshop-manoel rodr;TRP;20.14
2024-02-20;rshop-bella mar;LOJ;1747.47
2023-02-26;int sabesp;AGU;128.92
2020-08-12;posto tulio rio bonito;ABS;395.05
2025-01-13;int elet.paulo;AGU;412.42
2024-09-22;rshop-l anelli so;LOJ;821.85
2023-05-13;rshop-auto posto;ABS;70.6
2022-05-06;rshop-cybelar pir;LOJ;491.88
2023-08-30;Supermercado BH;MER;1325.41
2021-07-01;rshop-amigo pet;MER;1974.84
2024-03-25;Assinatura Adobe Creative Cloud;ASS;95.94
2023-05-21;rshop-drogasmil;SAU;507.61
2025-02-01;tar talao domicilio;TAR;37.45
2024-04-19;int ipva-spfbt8481;IMP;284.25
2022-12-08;assinatura;ASS;278.48
2020-01-27;Parque de Diversões;LAZ;6016.63
2020-08-20;compra no débito - sup sao vicente;MER;1267.03
2023-11-10;pag*guaco;BAR;1453.11
2021-05-21;Show Teatro;LAZ;1065.51
2020-07-22;rshop-drogasil 14;SAU;145.67
2022-11-12;rshop-pag*drogal;SAU;700.44
2021-11-21;rshop-choperia co;BAR;996.39
2020-01-10;Compra Drogaria Popular Saúde Já;SAU;881.23
2022-06-03;Compra Mercado Central;MER;871.58
2020-02-01;Airbnb – Final de semana;LAZ;990.53
2022-09-22;rshop-posto genti;ABS;826.62
2024-07-03;Material Didático;EDU;1636.84
2021-10-28;rshop-posto sao b;ABS;599.21
2022-08-08;int dpvat-sp fuy-6701;IMP;66.93
2021-08-09;cxe multa sp;JUR;48.51
2024-11-24;compra no débito - supermercado crema;MER;262.98
2023-08-10;rshop-chopperia;BAR;1242.41
2022-06-27;Curso de Idiomas;EDU;360.51
2020-03-10;crédito de rotativo;CRD;6978.18
2024-01-27;gelatt gobbo-ct;BAR;768.72
2020-12-03;Débito automático - Conta de Água Sabesp;AGU;370.98
2024-01-08;Reserva de hotel – Férias;LAZ;16317.72
2024-03-05;rshop-big jack ha;BAR;407.72
2024-10-03;pay posto breme;ABS;321.48
2022-08-08;pay sup sao vic;MER;1708.57
2023-08-18;rshop-posto santa;ABS;810.23
2023-01-22;dae americana;AGU;179.93
2022-02-09;rshop-agropetfar;MER;888.37
2024-01-15;rshop-355 shoppin;LOJ;605.23
2023-11-24;rshop-big x pican;BAR;1182.25
2021-05-07;l'anelli sor-ct s e ac;BAR;227.78
2022-12-08;Anuidade cartão Visa;TAR;5.22
2022-01-29;amazonprimebr;ASS;217.76
2024-04-03;pay posto breme;ABS;697.93
2023-01-30;rshop-ac american;LOJ;244.94
2024-06-29;pay  -mp *oceanus;LOJ;644.69
2025-04-27;pay-estacioname;PED;650.41
2022-09-20;crediario itau;CRD;10388.67
2023-03-10;Compra Feira Central Noturna;MER;926.14
2023-06-26;higa atacado-ct;MER;1558.47
2022-08-31;Compra Delivery Express Lanches;BAR;1894.81
2023-01-03;uber pending;TRP;15.89
2024-10-19;mp *higilimp-ct;MER;772.75
2024-05-20;compra no débito - pereira silvestre come;LOJ;1728.37
2021-05-08;rshop-art real;LOJ;1184.96
2022-08-04;rshop-agafarma ga;SAU;430.73
2023-03-31;rshop-beta linger;LOJ;1257.79
2025-01-28;deb autor sem parar;PED;413.11
2024-11-25;rshop-eliane bolo;BAR;1506.75
2023-06-16;Limpeza de caixa d’água;CAS;972.74
2023-07-31;rshop-pag adelice;BAR;1000.92
2020-02-19;casa de carnes boi gor;MER;700.12
2023-07-25;rshop-posto santa;ABS;513.05
2022-05-10;rshop-rucula pica;BAR;1034.39
2025-01-29;pay merca;MER;288.71
2024-07-01;Compra Feira Orgânica Sustentável;MER;980.68
2021-04-11;anuidade diferenciada;TAR;31.93
2022-01-09;rshop-mb doces;BAR;1820.41
2022-11-05;Troca de óleo;MAN;1587.08
2023-01-25;rshop-pag*padaria;MER;1476.43
2023-06-26;sisdeb liberty seg;SEG;528.57
2024-02-04;Compra Mercadinho do Bairro;MER;632.01
2025-02-09;Mensalidade Academia;SAU;99.0
2020-12-23;rshop-aito posto;ABS;833.04
2022-01-06;bki sabesp;AGU;76.01
2021-04-07;rshop-posto golde;ABS;835.44
2023-01-18;tar saque pessoal;TAR;34.56
2024-08-06;Cartão Visa – Compra parcelada;CRD;12641.05
2024-12-13;rshop-2054raia;SAU;477.44
2024-04-05;Academia Bio Ritmo;SAU;357.01
2025-02-01;rshop-cybelar ame;LOJ;1210.38
2023-09-11;pay  -premium cel;LOJ;793.12
2022-07-31;rshop-posto jardi;ABS;740.6
2020-01-31;rshop-pag farmaci;SAU;729.66
2020-10-16;rshop-posto cross;ABS;331.86
2022-08-03;pag autopostosao;ABS;906.26
2022-10-17;rshop-cafe do pon;BAR;780.34
2021-12-26;supermercado italia;MER;1961.02
2025-01-18;atac e a serv esperanc;MER;1502.88
2022-12-10;pay  -mp *oceanus;LOJ;1271.63
2021-03-14;Assinatura Netflix;ASS;281.33
2024-08-18;estacionamento;PED;818.14
2020-11-23;compra no débito - adelice rosa;BAR;1656.96
2022-01-12;pay  -a instrumen;LOJ;1669.91
2022-05-30;rshop-zanini matr;LOJ;951.73
2021-02-21;pay bandini;CAS;1532.38
2022-06-25;rshop-big jek bur;BAR;1167.04
2023-10-27;Adobe Creative Cloud;ASS;244.53
2020-12-31;tar doc internet;TAR;41.29
2024-01-30;rshop-foto princi;LOJ;1865.49
2024-07-28;rshop-admilson be;LOJ;1716.76
2023-08-29;Exame Laboratorial;SAU;715.36
2022-04-18;rshop-atac;MER;541.08
2020-07-20;rshop-varile bar;BAR;833.64
2023-10-10;iof;IMP;199.4
2021-05-02;Assinatura Netflix;ASS;150.67
2021-05-27;rshop-pizzaria ro;BAR;629.24
2024-01-23;pousada pe na terra;LAZ;19897.14
2020-10-30;cristal podu-ct natura;LOJ;1776.99
2021-11-14;rshop-pizza cillo;BAR;1829.27
2020-12-20;rshop-pag*carolco;BAR;103.92
2023-10-08;pag*elisange-ct rrea;LOJ;382.49
2021-02-05;rshop-bistecao;BAR;834.29
2023-01-12;dl *shein;LOJ;1694.41
2023-11-16;rshop-posto rede;ABS;931.71
2024-12-25;compra no débito - cristal produtos natur;LOJ;484.57
2021-03-19;pay ifd*mercado;MER;1933.92
2022-07-20;Compra Cafeteria Starbucks;BAR;288.57
2021-07-11;compra no débito - atacadao 625;MER;1974.05
2021-01-05;rshop-carol coxin;BAR;128.0
2020-12-20;rshop-farma mille;SAU;539.52
2022-03-26;pag*40381812katia;LOJ;701.7
2021-12-14;pedagio;PED;841.09
2022-03-02;itau seguros;SEG;2482.7
2022-04-30;rshop-hotel nacio;LAZ;5957.73
2022-05-07;Troca de óleo;MAN;755.88
2025-02-15;mercadolivre*fortesup;LOJ;1702.12
2021-10-21;crediario autom;CRD;2932.44
2025-02-08;rshop-drogaria gu;SAU;1197.55
2024-11-01;rshop-guarafarma;SAU;95.25
2021-09-01;compra no débito - auto posto luz do sol;MER;964.33
2023-04-10;rshop-art biju;LOJ;1633.85
2024-08-29;rshop-auto posto;ABS;659.92
2020-11-12;cred investim;CRD;14944.22
2024-02-06;abril assinat abril;ASS;277.81
2024-11-13;Compra Cinemark Ingresso;LAZ;13040.11
2025-02-18;imposto de renda;IMP;278.56
2023-04-04;itau sob medida;JUR;613.73
2020-01-27;Netflix Streaming de filmes;ASS;272.12
2021-12-19;pay  -shoping;LOJ;379.86
2021-10-08;int dae american;AGU;404.81
2024-02-04;rshop-aladin esfi;BAR;1440.28
2020-10-11;rshop-a servicos;LOJ;1175.76
2020-11-05;rshop-pag*postoam;ABS;412.59
2020-05-05;rshop-posto rodos;ABS;480.53
2023-08-11;first dry;BAR;438.65
2021-03-27;rshop-mercadinho;MER;107.71
2023-05-05;havelinos -ct;LOJ;1382.84
2022-06-24;rshop-oxxo comend;MER;662.1
2020-12-25;sup sao vicente;MER;108.41
2024-04-17;Assinatura Microsoft 365;ASS;213.5
2024-01-17;Farmácia PagMenos;SAU;1144.75
2020-11-30;da  net servicos;ASS;27.96
2022-10-29;NordVPN Segurança online;ASS;201.24
2023-03-15;adega de fartura;BAR;102.0
2022-03-26;pay hotel imper;LAZ;4204.99
2024-06-16;uber trip;TRP;42.12
2024-06-10;farma centro fartura;SAU;271.95
2024-06-05;rshop-bar do heli;BAR;1026.92
2024-09-08;rshop-pollo pizza;BAR;559.27
2020-01-20;Parque Aquático;LAZ;1511.85
2023-11-23;rshop-argeu alves;BAR;566.13
2021-03-29;pay -brinks plan;BAR;1486.04
2022-12-25;Manutenção de conta corrente;TAR;61.34
2021-01-09;dentista;SAU;923.17
2021-10-05;pay -filial bk;BAR;512.24
2020-01-10;pay  -floricultur;LOJ;1567.42
2022-11-23;Anuidade cartão Visa;TAR;77.76
2022-05-16;pay atacadao 33;MER;759.03
2023-03-09;rshop-bella bijou;LOJ;719.9
2020-10-28;Consulta Psicólogo;SAU;270.57
2021-11-01;pay -pastelaria;BAR;1286.88
2020-03-20;Compra Petz - Pet Shop;PET;864.39
2020-05-16;Assinatura Globoplay;ASS;146.28
2022-03-28;Teatro Municipal;LAZ;13621.42
2023-08-12;pay construdeva;CAS;1989.35
2022-05-09;porfirio ner-ct antan;LOJ;1871.12
2021-05-30;Feira do Produtor;MER;902.01
2023-07-01;rshop-acougue san;MER;804.32
2024-08-08;juros limite da conta;JUR;289.82
2022-10-17;rshop-estacioname;PED;980.29
2023-02-16;seguro viagem;SEG;1929.78
2024-12-21;pay construeva;CAS;4134.38
2024-11-21;Pedido iFood - Marmitex da Vó;BAR;114.34
2021-11-04;Pagamento Boleto Conta de Luz Enel;AGU;85.26
2024-11-23;int ipva-spfbt8481;IMP;381.29
2022-10-05;compra no débito - supermercado pague men;MER;817.43
2024-04-24;Compra Açougue Carnes Nobres;MER;1429.08
2024-04-08;Compra Petshop Amigo Fiel;PET;444.25
2020-05-03;pay -berlinf*uni;BAR;512.92
2020-04-16;int cpfl paulist;AGU;81.77
2023-12-22;crédito de rotativo;CRD;3764.08
2021-02-03;Troca de pastilhas de freio;MAN;3867.05
2023-01-21;Curso técnico – Senai;EDU;2546.99
2022-11-09;int cpfl;AGU;369.05
2023-01-01;rshop-zanini a lj;LOJ;448.57
2024-07-26;rshop-cybelar far;LOJ;511.84
2020-02-07;rshop-geo cosmeti;LOJ;1154.67
2023-10-31;rshop-farmacias;SAU;1179.18
2021-08-15;adega de far-ct;BAR;538.05
2021-06-28;bki elektro;AGU;235.16
2025-03-16;Show Teatro;LAZ;10533.69
2024-09-09;int cpfl paulist;AGU;262.09
2020-03-14;sp piracicaba super;MER;1480.61
2024-11-17;karina autuo-ct meric;LOJ;458.48
2021-04-10;Limpeza de caixa d’água;CAS;1527.65
2020-04-02;Faxina pesada – Limpeza geral;CAS;1367.48
2023-07-09;deb autor sem parar;PED;452.6
2020-08-21;europa;ABS;822.93
2025-01-17;dentelie;SAU;591.06
2020-03-07;credito cartao;CRD;2676.97
2020-03-19;rshop-qg posto de;ABS;758.22
2021-06-05;rshop-pastelaria;BAR;853.78
2022-01-25;Material Didático;EDU;1710.79
2020-12-28;rshop-churr  camp;BAR;1518.62
2022-12-06;lanches rodoserv ltda;BAR;666.5
2024-08-17;pag*bpmgsaod-ct gos;LOJ;844.16
2024-05-24;Ração premium – Cães grandes;PET;44.05
2022-06-17;int cpfl paulist;AGU;368.56
2021-07-14;rshop-guarafarma;SAU;258.67
2024-03-05;mercadolivre*2produto;LOJ;664.06
2020-08-19;Farmácia Drogaria Brasil;SAU;818.19
2024-02-07;supermercado sao franc;MER;696.05
2023-02-12;Fatura Nubank – Pagamento mensal;CRD;7346.56
2023-07-08;pagto itau seguros;SEG;1969.79
2022-01-25;Compra em Loja de Conveniência;BAR;1905.3
2022-03-28;rshop-kenia parre;LOJ;1551.91
2024-06-22;compra no débito - sabor magico;BAR;772.53
2024-03-24;Pagamento Conta Gás Naturgy;AGU;267.31
2021-11-14;cxe sabesp;AGU;273.63
2022-12-23;rshop-gaia grill;BAR;1843.36
2022-12-30;anuidade diferenciada;TAR;13.03
2022-09-27;pag*denisezerbeto;LOJ;1281.4
2023-08-13;havelinos -ct;LOJ;1396.03
2023-03-15;pag*40381812katia;LOJ;1009.63
2022-08-01;rshop-carrefour;MER;584.25
2021-11-19;Supermercado Dia;MER;1072.2
2022-05-23;rshop-posto okini;ABS;223.3
2025-03-15;Compra Mercado Central;MER;1714.43
2024-04-06;shopping piracicaba;LOJ;529.08
2025-05-04;rshop-loja rosy;LOJ;1386.5
2021-04-03;shopee *avenuestore;LOJ;165.67
2021-04-26;rshop-farmacia br;SAU;1261.67
2022-11-24;pay ifd*superme;MER;1515.0
2023-04-23;pay  -nicaro come;LOJ;760.38
2020-08-23;rshop-padaria fra;MER;912.77
2025-01-24;rshop-big;BAR;166.1
2021-10-02;rshop-assai ataca;MER;1185.84
2023-08-06;rshop-zanini;LOJ;239.87
2023-08-06;estacionamento;PED;423.7
2022-03-16;rshop-amigao rest;ABS;222.3
2021-10-20;Empório Natural;MER;980.92
2022-08-23;rshop-internacion;LOJ;484.55
2022-05-06;rshop-spani  atac;MER;441.82
2020-03-14;aparecida rosilene mar;LOJ;1062.89
2021-03-08;Compra Feira da Colina;MER;1489.98
2020-04-14;Compra Material de Construção;CAS;2392.76
2021-08-07;Compra Mercado Livre;LOJ;1241.84
2020-06-16;rshop-adilson dos;LOJ;593.01
2021-04-03;rshop-pizzaria si;BAR;1561.05
2020-09-07;rshop-posto rj sa;ABS;441.71
2024-11-25;rshop-apaloosas;BAR;1227.45
2021-01-02;rshop-europa 10;ABS;555.76
2022-12-23;uber pending;TRP;43.78
2022-01-02;compra no débito - shopping da utilidade;LOJ;1906.71
2025-04-14;Compra Café da Praça;BAR;130.97
2023-11-05;compra no débito - supermercado thais;MER;690.85
2024-04-12;Show de Música;ASS;264.03
2024-03-11;rshop-posto ameri;ABS;376.44
2021-11-20;rshop-posto bizun;ABS;693.8
2022-10-23;Bar do Alemão;BAR;918.3
2023-10-21;rshop-drog exp pi;SAU;1367.58
2023-10-26;pay  -mp *oceanus;LOJ;1839.66
2022-10-14;Contribuição sindical anual;IMP;53.92
2025-02-05;maravilhas do lar;LOJ;444.88
2024-05-20;Supermercado Guanabara;MER;1001.86
2022-05-08;pay  -moreira;LOJ;859.83
2024-05-30;Compra Cinemark - Ingresso;LAZ;4073.1
2023-05-15;zul 10 cartoes rhh2k;LOJ;1650.05
2023-02-07;sk supermercados;MER;1424.01
2022-12-11;rshop-padaria la;MER;1753.13
2021-09-19;Compra Supermercado Carrefour;MER;1304.11
2022-03-30;compra no débito - pag*pasteldare;BAR;1149.99
2024-06-15;Compra Feira de Produtos Orgânicos;MER;319.88
2022-12-09;rshop-agro shop;MER;1854.02
2020-12-04;pay posto amiga;ABS;606.11
2023-01-06;pay  -acucena per;LOJ;1087.1
2022-08-29;ppro microsoft;ASS;11.36
2023-05-10;iof de rotativo;IMP;324.64
2021-07-04;rshop-droga pires;SAU;1147.96
2020-04-06;Compra Cafeteria Starbucks;BAR;1058.66
2024-02-18;Zoo Safari;LAZ;12712.43
2022-11-12;pay  -lojas ameri;LOJ;494.89
2022-11-08;uber trip;TRP;44.7
2022-03-20;res aplic aut mais;APL;239.45
2023-06-13;tar maxiconta mens;TAR;82.84
2020-03-19;rshop-centauro;LOJ;1923.4
2020-11-04;Restaurante Bob's;BAR;371.68
2020-01-08;rshop-drogal farm;SAU;1211.49
2020-09-30;rshop-cafe e bar;BAR;461.08
2023-02-05;coldibelli e-ct fmann;LOJ;292.94
2023-03-18;rshop-nota mil ad;LOJ;1477.54
2021-07-24;pay  -margarete;LOJ;1289.05
2024-04-20;ifd*ifood.com agencia;BAR;978.22
2023-10-12;compra no débito - super pop calcados;MER;456.99
2022-03-17;rshop-lojao do ba;LOJ;1491.54
2021-06-03;rshop-bela moca;LOJ;793.44
2024-04-28;quiosque do -ct irinho;LOJ;1601.33
2021-10-01;karina autuori americ;LOJ;1575.02
2021-06-29;rshop-casas perna;LOJ;582.98
2020-08-04;rshop-tenda ataca;MER;1492.63
2023-12-28;Compra Sorveteria Gelato Art;BAR;659.35
2022-07-22;estacionamento;PED;982.92
2025-03-20;10 pasteis - santa bar;BAR;1028.59
2023-12-19;pay nicolau max;MER;1543.9
2020-03-21;rshop-posto xavan;ABS;174.09
2023-10-13;cpfl cia paulista fo;AGU;379.87
2021-09-24;Manutenção de conta corrente;TAR;53.81
2023-07-11;rshop-bar bilhar;BAR;1201.2
2025-03-25;rshop-loja sao mi;LOJ;1208.43
2020-09-01;Consulta veterinária – PetVita;PET;777.91
2024-10-15;Assinatura Disney+;ASS;285.05
2023-04-25;pag*fantasiatelegas;LOJ;544.95
2023-12-15;rshop-dia loja 29;LOJ;1615.18
2020-05-09;pay-estacioname;PED;121.56
2022-09-29;pay bandini lar;CAS;2952.44
2024-03-04;Revisão completa – Mecânica do João;MAN;3125.01
2022-07-23;rshop-super merca;MER;689.44
2021-02-28;pag*guaco;BAR;1447.76
2021-08-20;portal de poa auto pos;MAN;590.07
2020-05-29;rest frangoassado cai;BAR;1912.19
2020-11-11;rshop-bar provide;BAR;1487.2
2024-04-17;mp *melimais;LOJ;644.94
2021-02-21;sisdeb netflix;ASS;72.28
2020-06-09;pay -ifood*br;BAR;106.07
2024-09-11;rshop-mc donalds;BAR;1271.66
2023-05-05;rshop-cafeteria;BAR;1462.13
2023-11-12;Globoplay;ASS;248.96
2023-04-25;uber one help.uber.com;TRP;23.17
2020-09-13;rshop-magazine to;LOJ;65.93
2022-02-23;rshop-churrascari;BAR;40.0
2021-01-16;rshop-subway shop;BAR;810.74
2024-12-07;compra no débito - dona dos lanches;BAR;1540.46
2020-06-08;Mensalidade escola infantil;EDU;312.59
2021-05-25;estacionamento;PED;946.87
2023-07-30;rshop-a paulistan;LOJ;1360.08
2020-04-30;rshop kenia parrei0107;LOJ;1640.67
2023-08-21;rshop-agro pet eu;MER;621.37
2020-03-22;rshop-posto lava;ABS;137.22
2024-10-31;Show de Música;ASS;231.47
2024-02-10;int das;IMP;23.84
2020-01-17;danny cosmeticos ;LOJ;157.64
2024-01-09;aliexpress;LOJ;993.56
2024-01-11;compra no débito - ponto do espetinho;BAR;31.54
2022-02-20;tar folha cheque;TAR;49.2
2022-09-16;pay -pizzaria pr;BAR;1909.55
2024-06-07;Compra Sorveteria Gelato Art;BAR;1211.28
2021-10-27;Compra Cacau Show Chocolates;BAR;1377.71
2021-05-07;pay mercadinho;MER;945.07
2024-01-03;pay thais super;MER;659.88
2022-10-01;compra no débito - thalita gutierres cald;LOJ;1035.09
2024-11-16;rshop-bio farma;SAU;493.13
2021-08-21;compra no débito - coxinha de ouro;BAR;1346.72
2020-04-25;seguro api;SEG;2264.35
2024-06-06;Feira do Produtor;MER;1573.19
2021-06-17;rshop-manoel rodr;TRP;50.61
2023-01-06;rshop-nota mil ad;LOJ;374.4
2024-07-29;Vacinação – Clínica Pet&Vida;PET;200.23
2024-08-29;sisdeb sem parar;PED;224.85
2024-12-22;rshop-lojas nippo;LOJ;793.01
2020-06-07;Acessórios – Pet Center;PET;786.8
2023-07-06;rshop-farlimp;SAU;320.49
2023-02-19;crediario autom;CRD;12430.52
2022-03-30;Manutenção de conta corrente;TAR;68.63
2021-07-16;uber one help.uber.com;TRP;42.63
2024-06-23;seguro saude;SEG;1182.05
2021-08-17;cxe elektro;AGU;70.13
2020-10-20;multa atraso lim conta;JUR;389.71
2023-01-13;Manutenção de conta corrente;TAR;29.9
2023-02-01;Posto BR Central;ABS;598.51
2021-08-14;Pro labore – PJ;SAL;9350.16
2022-09-19;Rendimento freelancer;SAL;7810.71
2020-11-30;rshop-hotel imper;LAZ;4892.74
2021-09-09;Juros cartão de crédito;JUR;789.53
2021-04-08;rshop-bandini;CAS;2294.48
2024-04-21;rshop-posto nacio;ABS;198.62
2022-08-03;pay  -galeria do;LOJ;903.41
2022-11-18;Farmácia Nissei;SAU;959.62
2020-05-12;int claro tv;ASS;210.73
2025-05-17;dinheiro guardado com resgate planejado;APL;62.61
2020-09-07;deb autor sem parar;PED;641.57
2025-01-03;int elektro;AGU;350.85
2021-10-18;deb autor sem parar;PED;579.59
2025-05-02;Assinatura LinkedIn Premium;ASS;284.19
2020-09-08;rshop-posto bizun;ABS;302.36
2020-08-23;Cartão Visa – Compra parcelada;CRD;1330.65
2021-11-28;rshop-gaia grill;BAR;1973.5
2023-04-24;rshop-nova farma;SAU;703.07
2025-05-14;rshop-pag*lojahip;LOJ;469.38
2021-05-05;karina autuo-ct meric;LOJ;1989.75
2024-05-05;sup sao fran-ct;MER;741.77
2024-12-04;Compra Açougue Boi de Ouro;MER;1425.26
2023-07-10;rshop-hotel unive;LAZ;13900.71
2023-01-31;Consulta médica – Clínica popular;SAU;795.54
2023-03-24;mp *higilimp-ct;MER;1637.55
2023-05-17;compra de criptomoedas;APL;173.71
2021-06-09;int elet.paulo;AGU;213.68
2021-09-19;rshop-big bem;BAR;1382.98
2022-07-06;posto skay;ABS;878.19
2022-01-09;pay -montana gri;BAR;373.73
2024-01-22;pay carrefour;MER;435.71
2024-12-10;rshop-churr recan;BAR;1418.58
2023-09-05;rshop-drog sao mi;SAU;381.65
2022-07-11;int dae american;AGU;245.3
2021-02-03;rshop-estacioname;PED;43.84
2023-10-09;agro pet sho-ct ropa;MER;1501.48
2025-03-27;Show de Música;LAZ;18947.72
2024-03-12;Compra Feira Livre Bairro;MER;1783.53
2024-11-26;rshop-farmacia pr;SAU;927.58
2022-03-10;Compra Kopenhagen Doces;BAR;242.2
2022-10-23;pay -adega de fa;BAR;516.64
2023-04-07;Compra Submarino.com;LOJ;745.73
2024-08-18;int /dae american;AGU;319.23
2025-03-05;rshop-posto lobo;ABS;720.26
2020-12-14;rshop-pag*lojahip;LOJ;493.43
2023-07-17;rshop-aut post s;ABS;366.77
2025-05-19;Instalação de ventilador de teto;CAS;1429.87
2024-01-29;tar doc/ted agendado;TAR;28.7
2022-08-18;rshop-mercadopago;MER;1902.97
2020-04-09;uber pending;TRP;10.2
2022-03-04;bapka sorveteria;BAR;194.18
2023-09-12;Pós-Graduação;EDU;1418.99
2022-11-04;Zoo Safari;LAZ;9609.15
2021-12-31;rshop-posto rodos;ABS;534.93
2023-03-30;burger king shopping;BAR;1972.84
2022-01-26;rshop-abrahao rod;LOJ;1458.25
2023-05-12;multa atraso lim conta;JUR;931.59
2023-12-09;rshop-anderson am;LOJ;870.88
2021-07-10;rshop-drogaria be;SAU;207.46
2025-01-28;super pop calcados;LOJ;1345.18
2020-02-16;sisdeb sem parar;PED;435.0
2020-02-09;credito cartao;CRD;7566.23
2023-12-09;rshop-agro pet sh;MER;787.77
2024-02-02;rshop-manoel rodr;TRP;54.97
2022-08-04;rshop-loja criati;LOJ;1856.86
2022-12-03;int ipva-sp fuy-6701;IMP;357.79
2020-06-21;Compra Cacau Show Chocolates;BAR;1874.16
2022-03-21;rshop-posto cross;ABS;167.62
2020-10-16;padaria la suica;BAR;362.98
2022-01-02;rshop-padaria but;MER;1269.19
2020-05-22;Academia Smart Fit;SAU;506.91
2024-07-20;rshop-posto gonca;ABS;550.64
2022-08-16;Posto EcoFuel KM 37;ABS;744.04
2021-02-17;compra no débito - siguivila comercio de;LOJ;1362.74
2024-08-19;compra no débito - souza conveniencia adm;LOJ;463.13
2020-03-03;atacadao 166-ct;MER;1990.96
2021-12-14;cofins;IMP;444.94
2020-12-23;credito cartao;CRD;1104.02
2020-11-21;Compra Petz - Pet Shop;PET;628.52
2023-01-13;Rendimento freelancer;SAL;2732.28
2021-10-14;Vacinação – Clínica Pet&Vida;PET;239.79
2020-04-05;rshop-agro pet eu;MER;1891.47
2022-06-05;credito cartao;CRD;5450.37
2021-11-29;crédito de rotativo;CRD;745.11
2022-05-15;pay-estacioname;PED;715.03
2024-07-02;alga mecanica e eletr;MAN;560.89
2024-04-08;rshop-a instrumen;LOJ;363.28
2025-02-06;cof aplicacao cdb;APL;114.01
2024-12-12;Anuidade cartão Visa;TAR;41.2
2021-11-29;rshop-admilson be;LOJ;325.12
2020-04-09;super pop ca-ct os;LOJ;505.52
2022-02-07;pay  -marlene rod;LOJ;1698.17
2020-10-09;rshop-m2 informat;LOJ;1544.89
2022-04-02;Compra Restaurante Girassol;BAR;1142.1
2023-11-26;Pagamento Boleto Conta de Água Sabesp;AGU;373.4
2021-12-28;Pagamento rotativo – MasterCard;CRD;2161.4
2020-08-09;on ifood;BAR;369.63
2021-01-04;pay -gelatt gobb;BAR;87.61
2021-02-21;Compra Drogaria Pacheco;SAU;1416.45
2022-02-15;Restaurante Applebee's;BAR;214.56
2021-01-02;rshop-bel livrari;LOJ;648.02
2020-09-14;drogaria tododia;SAU;1411.37
2021-12-04;rshop-yogo fresh;BAR;993.79
2022-06-11;credito cartao;CRD;4186.03
2025-02-12;pay -gran  coffe;BAR;294.81
2020-04-20;pay  -foto eletro;LOJ;1187.89
2020-09-12;rshop-superm pao;MER;1212.42
2024-05-13;anuidade diferenciada;TAR;31.09
2022-02-01;Manutenção de conta corrente;TAR;58.54
2021-12-23;tar sustacao/revogacao;TAR;21.56
2023-11-09;uber uber *trip;TRP;31.37
2024-04-13;rshop-posto amiza;ABS;676.81
2025-02-15;rshop-sup sao fra;MER;1851.47
2022-10-20;int shopline ebanx;LOJ;687.64
2022-09-28;Assinatura Deezer Mensal;ASS;121.73
2021-07-21;Pagamento Spotify Premium;ASS;109.69
2024-06-13;rshop-posto beira;ABS;426.23
2021-03-26;rshop-sabor expre;BAR;1364.92
2023-12-21;rshop-guitar burg;BAR;1874.23
2025-01-15;rshop-drogaria fa;SAU;963.25
2024-10-27;rshop-agropecuari;MER;351.38
2022-11-28;rshop-posto perpe;ABS;812.27
2021-10-04;pay farlimp;SAU;1117.97
2021-10-18;bki sabesp;AGU;444.18
2023-03-15;compra no débito - cobasi americana;MER;1382.42
2021-09-22;uber uber *trip;TRP;46.03
2022-03-18;compra no débito - limpa limpou;CAS;2755.78
2023-03-18;pousada bela-ct ta;LAZ;7955.66
2021-12-28;Assinatura Adobe Creative Cloud;ASS;98.34
2020-06-06;Compra Petz - Pet Shop;PET;608.69
2021-12-04;int pre-pago;ASS;228.21
2021-09-21;mp *gatoajat-ct;LOJ;129.46
2023-03-04;drogaria tod-ct;SAU;1113.54
2023-10-28;compra no débito - riso comercio de produ;LOJ;1339.08
2021-02-18;rshop-bar e rest;BAR;1567.12
2022-10-01;pay  -zanini;LOJ;155.77
2022-06-18;tar sustacao/revogacao;TAR;68.35
2020-09-12;rend pago aplic aut mais;APL;589.23
2021-03-09;compra no débito - mercado sertanejo;MER;1842.79
2024-12-26;tbi 0766.11118-1loja;LOJ;1426.85
2023-05-15;pay assai ataca;MER;1221.84
2022-12-28;Plataforma de estudos – Descomplica;EDU;467.79
2023-07-13;rshop-debora rodr;LOJ;516.28
2022-09-16;rshop-cajuru farm;SAU;1320.95
2021-05-30;Fatura Nubank – Pagamento mensal;CRD;12756.01
2022-12-05;sup sao fran-ct;MER;107.72
2023-04-16;Assinatura Amazon Prime Video;ASS;66.09
2022-07-10;panda boutique c de bi;LOJ;499.27
2022-04-15;Supermercado Extra;MER;387.54
2023-10-22;rshop-a c jorio;LOJ;971.27
2022-11-21;tar saque terminal;TAR;36.07
2021-02-03;rshop-tks loja vi;LOJ;1688.35
2024-10-04;compra no débito - siguivila comercio de;LOJ;466.11
2025-01-10;Taxa de lixo – Prefeitura;IMP;345.91
2020-11-17;Globoplay;ASS;262.51
2022-01-12;int cpfl paulistA;AGU;378.91
2022-10-16;rshop-posto rapos;ABS;278.46
2021-02-11;Saque 24h – Tarifa;TAR;91.22
2020-01-16;Pagamento Academia Corpo & Ação;SAU;1248.74
2021-11-16;cobasi sb oe-ct tivoli;MER;1620.45
2023-11-14;Juros cartão de crédito;JUR;726.87
2022-01-17;Compra em Loja de Suplementos FitnessLab;SAU;1195.94
2021-07-05;Compra Feira de Produtos Caseiros;MER;1865.26
2021-11-12;rshop-cafe del pl;BAR;445.11
2022-05-23;sacolao cheiro verde;MER;360.43
2022-03-28;Compra Empório Natural Vida;MER;1704.02
2020-12-09;rshop-posto ameri;ABS;559.81
2021-01-05;int dae american;AGU;372.9
2023-09-11;int /dae american;AGU;309.01
2023-04-20;Fatura Nubank – Pagamento mensal;CRD;5454.0
2021-08-05;cred investim;CRD;2364.17
2023-12-29;seguro residencial;SEG;1098.97
2020-06-15;uber pending;TRP;54.49
2023-07-25;pay-estacioname;PED;965.23
2021-06-21;compra no débito - rest frangoassado caj;BAR;1582.54
2025-03-27;multa de transito;JUR;211.07
2022-10-31;pay bandini;CAS;1462.14
2021-02-17;rshop-casa carnes;MER;1469.29
2024-05-08;rshop-pag*farmaci;SAU;275.32
2020-06-05;cpfl paulista;AGU;261.98
2020-09-28;google amazon prime v;ASS;104.33
2021-01-04;rshop-adriana;LOJ;537.53
2024-04-18;rshop-makro loja;LOJ;1906.78
2021-05-28;Posto Ipiranga Norte;ABS;865.57
2025-03-29;int shopline pgto digita;LOJ;1401.39
2021-12-07;rshop-manoel rodr;TRP;24.99
2020-01-26;pay  -go inn jagu;LOJ;1829.95
2022-02-07;pag*denisezerbeto;LOJ;872.44
2020-06-25;coldibelli e-ct fmann;LOJ;614.45
2024-05-24;rshop-cervejaria;BAR;1977.67
2024-03-31;int elektro;AGU;263.75
2020-02-17;anuidade diferenciada;TAR;73.87
2025-03-04;rshop-farmax garo;SAU;222.99
2020-05-29;rshop-posto genti;ABS;341.29
2025-05-19;zul 10 cartoes rhh2k;LOJ;1992.96
2024-10-01;Plataforma de estudos – Descomplica;EDU;2384.95
2020-10-09;rshop-bela moca;LOJ;1086.4
2020-10-29;rshop-raia drogas;SAU;293.11
2021-05-13;rshop-nicolau max;MER;1982.56
2025-01-28;supermercado-ct;MER;778.16
2023-10-16;Assinatura Apple Music;ASS;259.22
2023-01-25;burger king shopping;BAR;1807.98
2025-04-30;rshop-farlimp;SAU;1004.5
2022-10-16;rshop-restaurante;BAR;971.12
2024-11-23;Compra em Loja de Conveniência;BAR;372.34
2023-01-12;rshop-big sabor;BAR;1489.56
2024-08-03;Fatura Banco Inter;CRD;4780.77
2022-10-20;estacionamento;PED;701.98
2022-10-26;tar maxiconta mens;TAR;41.06
2023-09-25;supermercado-ct franc;MER;1421.44
2024-12-14;Compra Drogaria Bem Estar;SAU;566.26
2025-01-27;jackson dias padilho;LOJ;305.17
2024-08-13;rshop-cafe estaca;BAR;1694.11
2021-03-10;rshop-arte e imag;LOJ;1955.23
2020-05-25;rshop-adilson dos;LOJ;182.47
2023-02-25;rshop-barra doce;BAR;1658.87
2022-04-25;rshop-farma lobo;SAU;815.0
2024-12-11;rshop-lojas cem;LOJ;1991.26
2023-02-25;rshop-panificador;MER;1705.31
2023-06-04;pay -bk - filial;BAR;1498.75
2024-11-21;rshop-bella cosme;LOJ;351.06
2022-05-11;rshop-autozone br;LOJ;1324.0
2022-06-07;Mensalidade escola infantil;EDU;2149.49
2023-02-15;Pagamento Conta de Gás Naturgy;AGU;349.46
2022-08-21;v f lima;LOJ;254.58
2023-07-11;rshop-seta atacad;MER;1706.26
2020-06-20;dae americana;AGU;290.77
2025-02-10;compra no débito - riso comercio de produ;LOJ;950.69
2023-09-06;deb autor sem parar;PED;942.23
2022-04-09;uber uber *trip;TRP;27.04
2020-10-22;TED – Transferência;TAR;97.11
2023-03-28;rshop-mc donalds;BAR;1380.41
2021-05-20;cred investim;CRD;8056.86
2021-08-19;rshop-lojas sao;LOJ;1467.63
2021-09-09;irrf;IMP;161.54
2024-02-21;rshop-posto abc d;ABS;788.75
2022-02-18;Compra Loja de Decoração Ateliê Home;CAS;239.31
2020-02-10;Pedido iFood - Lanches Express;BAR;606.53
2025-03-10;rshop-applebees;BAR;240.76
2023-08-19;rshop-ana paula;LOJ;417.83
2022-12-15;pay assai ataca;MER;885.55
2021-10-28;rest frangoassado cai;BAR;465.94
2021-09-04;rshop-cafe da pra;BAR;1434.82
2020-04-09;nilzete a. d-ct an;LOJ;1474.72
2024-07-15;pay farlimp;SAU;532.82
2025-02-06;rshop-posto lava;ABS;121.95
2021-04-23;int ipva-sp fuy-6701;IMP;65.06
2021-03-09;pagamento de conta de agua;AGU;409.25
2024-11-12;w demez conv-ct ncia;LOJ;1351.45
2020-06-14;rshop-havan lojas;LOJ;1376.59
2023-03-23;wanda maria dos santo;LOJ;234.3
2023-06-19;rshop-posto brasi;ABS;481.8
2022-10-16;pay atacadao 33;MER;811.52
2020-08-10;Fatura Nubank – Pagamento mensal;CRD;4200.3
2023-07-18;pay -pastelaria;BAR;1011.7
2020-04-30;Compra Loteria MegaSorte;LAZ;9460.85
2024-06-18;rshop-posto minas;ABS;836.91
2020-11-29;pay netfl;ASS;263.33
2021-09-08;rshop-agropetfar;MER;602.78
2021-05-28;rshop-posto phoen;ABS;154.44
2023-08-06;sisdeb netflix;ASS;66.74
2024-06-25;int dpvat-sp fuy-6701;IMP;368.03
2020-04-05;Lavagem premium;MAN;2559.99
2023-07-21;compra no débito - loja 199 da vitoria;LOJ;1882.76
2021-02-17;Compra Feira da Praça;MER;1545.78
2024-03-28;Consulta veterinária – PetVita;PET;627.52
2022-01-12;rshop-drogaria vi;SAU;502.29
2020-07-20;Compra Tok&Stok;CAS;1881.27
2023-08-12;Supermercado BH;MER;1529.64
2020-10-10;Compra Feira Livre Santo Antônio;MER;537.97
2024-02-12;sisdeb sky+directv;ASS;196.98
2024-02-13;pagamento de conta de agua;AGU;402.32
2020-01-27;rshop-2331raia;SAU;1178.42
2021-04-09;rshop-casa de car;MER;1098.04
2025-01-10;int telefonica;ASS;260.39
2022-10-18;compra no débito - loja 199 da vitoria;LOJ;1265.22
2022-01-26;Dropbox Armazenamento em nuvem;ASS;34.36
2023-04-07;rshop-posto de pe;ABS;54.76
2023-11-12;rshop-posto breme;ABS;484.01
2022-08-07;Livraria Cultura;EDU;2802.06
2024-04-23;Troca de pastilhas de freio;MAN;1588.69
2023-10-05;rshop-sid s pizza;BAR;142.99
2024-04-10;rshop-higa atacad;MER;486.22
2024-03-03;google amazon mobile;ASS;173.33
2022-10-23;assai atacad-ct;MER;273.87
2023-08-19;rshop-new bowling;LAZ;9320.13
2020-12-03;rshop-rei do past;BAR;1244.32
2024-07-03;casa de carne boi gord;MER;1010.13
2025-02-13;on netflix com;ASS;270.95
2021-02-08;pay ifd*superme;MER;744.21
2024-10-22;pay -gelatt gobb;BAR;1781.45
2022-12-11;rshop-drogaria sa;SAU;930.27
2023-08-25;rshop-355 shoppin;LOJ;614.39
2020-12-28;uber pending;TRP;8.88
2025-05-02;cofins;IMP;266.22
2024-08-08;miniso dom pedro;LOJ;1404.08
2023-08-29;multa atraso lim conta;JUR;678.66
2025-01-06;rshop-drogal amer;SAU;1130.21
2021-06-15;pay -burger king;BAR;834.09
2021-11-19;Livros Universitários;EDU;550.32
2022-05-05;Reserva de hotel – Férias;LAZ;4913.69
2022-02-27;rshop-agropecuari;MER;1047.39
2022-12-30;rshop-econ superm;MER;280.16
2021-10-21;rshop-posto ameri;ABS;201.55
2022-03-02;rshop-bar mate am;BAR;1356.28
2022-01-21;rshop-auto posto;ABS;811.41
2023-07-13;Food Truck – Festival;BAR;1458.02
2025-02-05;Vacinação – Clínica Pet&Vida;PET;638.89
2020-10-17;rshop-posto uniao;ABS;491.22
2021-06-19;foto princip-ct;LOJ;1501.44
2022-04-14;tar doc eletronico;TAR;53.35
2024-12-30;Assinatura Paramount+;ASS;64.44
2020-08-22;cpfl cia paulista fo;AGU;377.46
2023-11-17;Carrefour Bairro;MER;403.51
2022-12-15;Compra Empório Gourmet Central;MER;575.75
2020-04-23;on netflix com;ASS;103.42
2021-10-04;int multa sp;JUR;552.19
2023-07-14;tar pacote itau;TAR;61.62
2022-01-02;tar doc eletronico;TAR;97.31
2022-07-13;Compra Feira Noturna Central;MER;1865.61
2021-04-18;pay sodimac;CAS;664.63
2022-05-23;casa de carne boi gord;MER;1972.46
2024-06-16;compra no débito - supermercado italia;MER;1971.65
2022-09-20;nobres beef -ct;MER;1853.04
2020-05-05;Acessórios – Pet Center;PET;191.85
2020-09-15;rshop-dms servico;LOJ;216.14
2022-03-05;tar maxiconta mens;TAR;56.44
2023-08-19;Pro labore – PJ;SAL;7853.72
2023-12-17;rshop-cacique mat;CAS;3624.89
2023-04-30;pay  -multi v*eri;LOJ;1680.9
2022-01-29;rshop-posto namo;ABS;378.8
2021-07-22;rshop-manoel rodr;TRP;45.35
2025-02-21;rshop-lojas renne;LOJ;565.11
2021-08-27;rshop-centro auto;ABS;819.8
2021-01-02;rshop-posto teixe;ABS;127.12
2020-05-16;pay -gran  coffe;BAR;885.52
2023-03-29;rshop-farmacia un;SAU;907.03
2021-01-28;Fatura Nubank – Pagamento mensal;CRD;13982.09
2023-07-20;pay  -shopping pi;LOJ;1925.25
2020-11-24;rshop-drogaria to;SAU;173.09
2022-06-02;int timcel-sa;ASS;41.66
2020-04-04;compra no débito - construdecor;LOJ;777.33
2023-07-05;pay -restaurante;BAR;1583.76
2020-03-15;Pagamento Amazon Kindle;ASS;263.26
2022-03-18;pay bandini;CAS;2981.96
2021-10-30;pay  -flavio luka;LOJ;753.76
2021-02-04;pay netflix com;ASS;206.52
2024-09-06;compra no débito - adelice rosa;BAR;1997.33
2024-09-19;compra no débito - panda boutique c de bi;LOJ;1105.87
2022-01-17;int cpfl paulist;AGU;131.36
2020-12-15;Compra iFood - Esfiha da Praça;BAR;165.97
2022-01-17;crediario autom;CRD;11425.35
2021-10-22;sacolao cheiro verde;MER;1362.03
2024-01-14;rshop-padaria fra;MER;1912.85
2024-12-23;rshop-2245drogasi;SAU;1393.33
2021-09-13;iof;IMP;151.28
2024-11-18;Compra Hortifrúti Primavera;MER;570.3
2020-03-13;tar folha cheque;TAR;42.09
2020-07-17;Lavagem premium;MAN;172.76
2022-07-26;danny cosmeticos ;LOJ;930.3
2023-03-28;adega de fartura;BAR;1423.41
2021-02-09;rshop-posto jagua;ABS;927.43
2025-04-12;Compra Pizzaria Bella Massa;BAR;1630.54
2020-06-03;Compra de ingresso – Cinema;LAZ;1849.7
2023-02-10;pay sodimac;CAS;918.58
2020-04-23;lanchonete e churrasca;BAR;1205.05
2023-10-20;rshop-oxxo comend;MER;497.55
2021-05-16;itau sob medida;JUR;145.17
2021-11-07;tar doc/ted agendado;TAR;97.73
2025-04-08;cpfl cia paulista fo;AGU;345.11
2024-02-15;v b ribeiro -ct eza;LOJ;146.8
2024-11-04;Compra Amazon Books;LOJ;157.17
2021-11-05;v b ribeiro -ct eza;LOJ;531.12
2022-05-07;europa;ABS;191.58
2020-08-22;rshop-magazine am;LOJ;1742.56
2021-08-21;Pagamento Plano Odontológico DentalPro;SAU;596.78
2020-01-27;uber trip;TRP;40.43
2023-02-25;farlimp -ct;SAU;481.29
2023-05-04;Reparo no ar-condicionado;MAN;2604.28
2022-04-04;cxe telefonica;ASS;257.18
2021-06-28;pay  -shopping;LOJ;1782.29
2022-10-13;rshop-palazzio re;BAR;239.72
2022-01-28;cxe pre-pago;ASS;45.85
2020-09-02;juros limite da conta;JUR;820.41
2023-11-09;rshop-joanin loja;LOJ;1429.95
2022-06-16;rshop-hotel atlan;LAZ;680.86
2021-09-19;mecanica possobom;MAN;3298.09
2022-12-29;rshop-posto xavan;ABS;556.77
2025-05-26;rshop-casa bauduc;BAR;245.1
2020-09-09;rshop-super sao;MER;309.4
2020-07-03;rshop-posto ipira;ABS;908.76
2023-12-13;Compra Shopee Marketplace;LOJ;517.1
2023-10-16;compra no débito - tenda atacado;MER;1700.51
2023-09-13;farmacia pronto farma;SAU;1368.08
2023-11-20;int multa sp;JUR;512.68
2024-08-01;cpfl paulista;AGU;84.86
2023-12-14;expresso piracicaba;BAR;655.12
2020-05-10;rshop-posto trevo;ABS;458.54
2023-10-13;lucia helena-ct souza;LOJ;803.87
2023-11-20;crédito de parcelamento;CRD;7538.08
2022-08-20;cred investim;CRD;3610.7
2020-05-02;Pedido Uber Eats - Hamburgueria;BAR;754.78
2020-05-16;Compra Feira de Produtos Caseiros;MER;1408.36
2020-11-05;cxe claro tv;ASS;110.43
2023-10-15;Fatura Nubank – Pagamento mensal;CRD;12056.82
2022-01-12;Pagamento Plano de Saúde SulAmérica;SAU;149.37
2024-11-23;juros de rotativo;JUR;487.88
2024-02-12;rshop-arte bela;LOJ;1945.25
2021-07-18;tar pacote itau;TAR;17.76
2023-02-05;rshop-october fes;LAZ;2447.16
2021-07-15;seguro api;SEG;699.74
2022-04-14;rshop-drog sao mi;SAU;819.86
2024-07-08;higa atacado;MER;1135.89
2020-05-02;compra no débito - pag*andersonroberto;LOJ;1720.02
2021-04-03;pay ifd*superme;MER;733.5
2023-04-09;cofins;IMP;150.39
2021-10-31;rshop-posto garci;ABS;310.44
2024-09-25;estacionamento;PED;291.72
2024-12-27;Compra Kopenhagen Doces;BAR;1223.67
2022-09-15;Folha de pagamento – Departamento pessoal;SAL;3325.48
2024-01-31;supermercado pague men;MER;1173.82
2021-03-17;rshop-mercado ana;MER;1884.34
2022-05-18;shopee *avenuestore;LOJ;1410.12
2022-02-13;rshop-pag*csalgad;BAR;1104.86
2025-03-10;rshop-qg posto de;ABS;776.7
2021-12-22;joao carlos r bueno dr;LOJ;1330.97
2020-04-20;autozone brasil com au;MAN;4506.65
2023-05-08;pay  -tivoli;LOJ;1647.83
2020-09-06;pag*adelicer-ct;BAR;1263.26
2022-03-22;rshop-beto pizzar;BAR;143.1
2021-03-04;rshop-bistekao pa;BAR;361.06
2020-07-27;rshop-frutti coco;BAR;1019.76
2025-02-11;uber pending;TRP;40.53
2024-12-24;rshop-drog exp pi;SAU;711.01
2020-08-11;rshop-mercado pag;MER;1314.87
2024-04-08;amazon br;ASS;274.87
2024-04-12;Compra Loja Mundo Pet;PET;736.97
2023-11-24;romaninho serv automo;MAN;1389.06
2020-04-16;pay  -zanini;LOJ;1561.53
2020-06-18;rshop-bem barato;LOJ;481.89
2022-11-27;compra no débito - sup sao vicente;MER;199.26
2023-10-09;rshop-droga raia;SAU;864.09
2024-09-28;compra no débito - chef;MER;1120.82
2020-11-06;Pagamento Conta Gás Naturgy;AGU;209.66
2022-01-03;hiotosushi;BAR;1619.09
2024-10-23;four mit;MAN;226.7
2022-08-17;amazonprimebr;ASS;75.27
2021-03-10;pay-estacioname;PED;426.04
2023-05-09;seguro api;SEG;550.8
2021-02-16;rshop-cobasi sb;MER;258.56
2020-08-14;rshop-subway botu;BAR;1818.83
2022-01-16;int sabesp;AGU;60.85
2021-06-20;burger king shopping;BAR;743.63
2021-03-01;rshop-cybelar ame;LOJ;776.28
2023-03-10;rshop-estacioname;PED;335.52
2021-05-07;sisdeb globo.com;ASS;206.4
2020-02-11;rshop-chuchurros;BAR;1216.7
2025-02-17;dec pre-pago;ASS;209.09
2025-03-21;Pedido Rappi - Lanches do Tio Zé;BAR;1853.64
2024-08-25;Empório Natural;MER;1923.61
2025-01-11;Compra Material de Construção;CAS;792.9
2025-02-24;Pagamento Netflix Mensal;ASS;285.66
2023-12-01;pay centro aut;ABS;102.48
2024-02-27;rshop-atac;MER;589.94
2023-08-09;pay  -dang peng c;LOJ;929.15
2022-04-13;pedagio;PED;210.61
2020-11-22;Cinépolis;LAZ;4174.3
2024-07-07;compra no débito - limpa limpou;CAS;3113.39
2023-12-04;Banho e tosa – PetShop Alegria;PET;817.67
2023-04-23;amazon br;ASS;196.53
2025-02-15;Juros cartão de crédito;JUR;526.12
2023-01-30;rshop-posto okini;ABS;494.44
2020-12-01;mp*feira;LOJ;1481.98
2024-11-28;casa de carnes e resta;MER;448.4
2023-05-31;atacadao 333-ct;MER;405.22
2025-01-08;crédito de parcelamento;CRD;13579.64
2022-06-13;credito cartao;CRD;4047.99
2020-03-30;rshop-mp *mercado;MER;672.56
2023-03-14;supermercado crema;MER;1435.94
2024-05-13;crédito;CRD;13139.25
2025-02-07;Disney+;ASS;78.49
2024-02-05;itau sob medida;JUR;941.07
2021-08-23;rshop-pastel mani;BAR;1238.15
2022-11-04;pay construeva;CAS;1462.8
2025-04-04;Pro labore – PJ;SAL;6926.64
2021-12-15;Cinema Cinemark;LAZ;17577.44
2024-10-27;juros de rotativo;JUR;145.63
2024-05-06;Compra App Store;ASS;158.74
2021-01-29;Débito Boleto Plano de Saúde Amil;SAU;164.59
2023-11-13;bki elektro;AGU;459.44
2022-11-26;rshop-bio farma;SAU;781.71
2023-08-08;Consulta Médica;SAU;1385.63
2020-02-04;rshop-farma mille;SAU;1399.31
2024-08-09;construdecor;CAS;693.58
2025-01-25;uber one help.uber.com;TRP;34.74
2022-09-24;casa de carnes boi gor;MER;848.49
2022-05-20;rshop-apaloosas;BAR;471.47
2022-10-21;rshop-293 santa;LOJ;423.22
2022-02-02;Prime Video;ASS;197.46
2022-01-09;rshop padaria la s0107;BAR;305.92
2021-09-10;rshop-mc donalds;BAR;1799.48
2024-01-29;rshop-agropet min;MER;1326.3
2023-08-30;Pagamento Conta Gás Naturgy;AGU;390.06
2022-12-10;compra no débito - pereira silvestre come;LOJ;1462.59
2024-02-22;itau seg;SEG;334.27
2024-07-14;Excursão para parque aquático;LAZ;368.53
2023-02-26;rshop-drogaria;SAU;1243.56
2023-11-22;Compra Loja Mundo Pet;PET;326.03
2021-10-16;Dedetização residencial;CAS;1362.08
2022-02-03;pay -chocotivoli;BAR;254.92
2023-09-08;rshop-posto minas;ABS;731.48
2020-03-24;pay carrefour;MER;1453.4
2024-06-19;rshop-supermer tu;MER;1239.59
2024-12-06;deb autor sem parar;PED;187.97
2020-04-27;rshop-agropetfar;MER;171.04
2025-03-27;crédito de parcelamento;CRD;6348.05
2020-08-18;shopee *avenuestore;LOJ;1320.84
2023-06-28;Açougue Central;MER;664.87
2022-03-21;Deezer;ASS;116.27
2021-04-13;rshop-mercadao da;MER;122.83
2023-01-11;Compra Hortifrúti Primavera;MER;1258.71
2020-09-06;rshop-informatica;LOJ;1169.14
2024-07-16;Consulta veterinária – PetVita;PET;693.26
2022-08-11;pay aut post s;ABS;465.43
2020-08-12;Pizzaria Bella Massa;BAR;555.15
2022-06-17;compra no débito - wanda maria dos santo;LOJ;1228.63
2024-06-11;pay drogaria nu;SAU;106.56
2022-09-09;Supermercado Prezunic;MER;866.07
2023-10-29;coldibelli e-ct fm;LOJ;407.54
2020-01-27;compra no débito - magazine americana;LOJ;1814.26
2022-06-10;pay -sorvetes tr;BAR;1239.68
2025-05-30;uber pending;TRP;35.05
2020-02-12;Pro labore – PJ;SAL;9948.28
2020-06-21;itau seguros;SEG;1236.88
2022-07-07;rshop-minimercado;MER;1038.35
2021-05-02;Assinatura HBO Max;ASS;18.75
2022-01-04;pag autopostosao;ABS;987.46
2023-09-11;rend pago aplic aut mais;APL;920.44
2020-11-05;pay supermercad;MER;1455.94
2021-07-31;Compra Feira da Praça;MER;1443.75
2024-03-02;rshop-churrascari;BAR;1928.52
2020-08-06;panda boutique c de bi;LOJ;1055.72
2020-09-16;Compra Farmácia Vida Plena;SAU;551.22
2023-11-21;casa de carn-ct oi gor;MER;798.67
2022-01-08;Assinatura Telecine Play;ASS;26.15
2022-07-20;Folha de pagamento – Departamento pessoal;SAL;4900.56
2024-06-07;Anuidade cartão Visa;TAR;74.06
2020-06-21;pay  -fator;LOJ;1698.05
2022-05-18;rshop-farmacia pr;SAU;676.97
2024-06-10;tar doc/ted agendado;TAR;35.86
2024-05-23;rshop-farma lobo;SAU;315.57
2022-03-18;rshop-loja criati;LOJ;1529.35
2021-05-06;dae americana;AGU;295.63
2022-03-21;rshop-pag adelice;BAR;1102.81
2023-01-08;pis;IMP;373.9
2023-01-13;Ração premium – Cães grandes;PET;127.13
2025-04-11;Compra Empório Vegano;BAR;1551.21
2022-10-11;rshop-pag autopos;ABS;243.76
2021-04-14;eliane bolos-ct;BAR;1972.1
2024-07-15;Curso online – Alura;EDU;2316.35
2024-02-17;rshop-drogasil 56;SAU;725.27
2021-04-26;rshop-ebanx spoti;LOJ;1764.39
2021-07-21;Compra Feira Livre Bairro;MER;1124.05
2022-12-26;pay construeva;CAS;1264.74
2020-08-10;Salário – Empresa X;SAL;1610.48
2021-02-23;supermercado crema;MER;1520.78
2024-02-19;rshop-posto vip;ABS;340.87
2024-12-27;rshop-posto rapos;ABS;525.9
2025-05-09;cxe multa sp;JUR;373.55
2023-05-22;rshop-hotel unive;LAZ;7210.4
2023-09-14;rshop-amigao conv;ABS;521.22
2022-04-02;compra no débito - super pop calcados;MER;625.96
2024-12-11;rshop-posto bizun;ABS;891.37
2021-10-13;l'anelli sorvetes;BAR;169.33
2023-01-03;compra no débito - agropet mineiro;MER;1650.82
2023-08-11;rshop-pag pasteld;BAR;1854.06
2024-10-17;int ipva-spfuy6701;IMP;445.29
2020-08-28;rshop-kopenhagen;BAR;1299.26
2021-04-13;rshop-padaria but;MER;102.12
2021-06-19;int timcel-sa;ASS;236.48
2024-08-14;Parque Aquático;LAZ;669.51
2021-06-06;Choperia Central;BAR;382.74
2023-12-15;Manutenção de conta corrente;TAR;10.17
2023-10-23;rshop-lojas vale;LOJ;1094.82
2020-04-19;Compra Farmácia Pague Menos;SAU;1132.16
2022-05-28;pag*farmaciadopovo;SAU;157.09
2023-10-10;Adobe Creative Cloud;ASS;108.81
2021-07-30;crediario itau;CRD;4776.64
2020-06-06;sk supermercados;MER;419.34
2021-07-25;rshop-arabe;BAR;776.05
2022-10-05;Cartão Visa – Compra parcelada;CRD;10466.2
2021-01-18;Atacadão;MER;530.18
2022-03-14;rshop-barra doce;BAR;1645.73
2023-06-18;pay bandini;CAS;1666.07
2021-05-10;rshop-cervejaria;BAR;479.28
2024-06-25;encargos conta corrente;TAR;86.88
2021-02-15;compra no débito - pizzaria cillos;BAR;501.05
2023-01-28;tar maxiconta mens;TAR;66.19
2021-09-13;rshop-bem doce al;BAR;520.82
2024-05-06;rshop-pag*sacolao;MER;633.0
2020-11-09;juros atraso lim conta;JUR;680.25
2024-04-20;uber trip;TRP;15.22
2024-01-01;pay  -daniel gard;LOJ;1493.73
2020-04-29;cobasi sb oeste tivoli;MER;1439.89
2023-10-25;Juros cartão de crédito;JUR;366.37
2021-12-05;pay -churrasc fo;BAR;788.11
2022-06-10;rshop-engracia re;LOJ;1870.43
2023-04-30;cobasi sb oeste tivoli;MER;579.86
2023-02-08;rshop-rodosnack;BAR;1155.26
2025-02-07;rshop-choperia co;BAR;1302.49
2023-02-07;rshop-tenda;MER;1282.72
2022-01-25;Supermercado Walmart;MER;193.68
2020-04-25;rshop-posto milen;ABS;223.15
2021-11-11;rshop-posto teixe;ABS;584.59
2024-08-18;seg multiprotecao;SEG;1061.24
2024-06-25;sisdeb sky+directv;ASS;78.85
2024-08-27;Cursos Online;EDU;1771.85
2020-11-17;rshop-padaria gua;MER;1571.12
2023-09-27;bki vivo-sp;ASS;82.66
2024-02-08;amazon prime canais;ASS;55.59
2020-05-05;posto skay;ABS;491.56
2020-03-26;rshop-drogaria tu;SAU;702.95
2023-07-07;pay-estacioname;PED;679.54
2021-11-25;rshop-drogaria tu;SAU;1471.85
2020-02-28;Compra Mercado Dia;MER;942.79
2020-11-26;uber pending;TRP;54.43
2022-12-22;Fatura Banco Inter;CRD;7362.02
2022-03-31;rshop-posto garci;ABS;697.44
2024-02-11;rshop-posto pirac;ABS;608.07
2020-05-01;deb autor sem parar;PED;457.85
2021-10-11;rshop-casa bauduc;BAR;1860.33
2020-02-27;supermercado thais;MER;417.72
2022-10-30;Compra Restaurante Churrasquim;BAR;712.04
2021-02-08;rshop pg ton max 0306;LOJ;385.29
2021-03-12;Taxa de lixo – Prefeitura;IMP;325.78
2022-07-14;compra no débito - siguivila comercio de;LOJ;1669.44
2021-01-20;rshop-spani  atac;MER;1204.84
2023-08-22;Assinatura Canva Pro;ASS;102.12
2021-11-11;Pedido Uber Eats - Sushi Mix;BAR;342.45
2022-08-04;maion conven-ct ias;LOJ;1392.56
2022-11-09;rshop-posto sao j;ABS;718.34
2022-01-18;Supermercado Walmart;MER;1688.57
2021-11-20;Pagamento Conta de Gás Naturgy;AGU;168.97
2020-05-02;int tim celular;ASS;216.49
2024-03-05;mp refreska-ct;BAR;874.29
2025-01-14;cred investim;CRD;8665.18
2025-04-28;rshop-pizzaria pr;BAR;1199.27
2020-02-17;int cpfl;AGU;482.43
2024-03-25;int dae american;AGU;465.3
2021-12-31;rshop-posto mega;ABS;903.89
2023-03-25;Pedido iFood - Pizzaria Bella Roma;BAR;519.43
2024-02-14;rshop-acougue san;MER;1620.43
2021-08-10;Fatura Banco Inter;CRD;12164.27
2024-08-25;int cpfl paulistA;AGU;324.96
2025-02-16;rshop-cafe shopp;BAR;1301.95
2021-08-13;google duolingo;ASS;96.19
2020-11-22;Pagamento Spotify Duo;ASS;291.72
2022-11-01;bki sabesp;AGU;83.97
2025-01-16;rodosnack pe-ct en lanc;BAR;293.77
2021-09-04;iof de rotativo;IMP;223.26
2023-01-10;compra no débito - tenda atacado;MER;1534.32
2023-03-21;rshop-churr lanch;BAR;400.15
2024-09-18;rshop-sid s pizza;BAR;1893.56
2021-11-04;Amazon Prime Entregas e vídeos;ASS;163.19
2024-05-20;Pagamento Plano Odontológico DentalPro;SAU;103.48
2022-11-22;rshop-posto ameri;ABS;916.5
2020-05-02;rshop-ac pizzaria;BAR;1666.1
2022-03-20;uber trip;TRP;36.8
2024-02-21;rshop-natacadus;MER;1312.37
2024-07-19;rshop-padaria san;MER;270.09
2023-01-02;pay centro auto;ABS;188.05
2024-11-10;tar doc internet;TAR;48.54
2021-04-01;itau seg;SEG;1662.62
2021-03-01;seguro api;SEG;1245.32
2023-12-29;rshop-estacioname;PED;465.72
2021-06-26;rshop-loja 1,99;LOJ;672.1
2021-11-27;compra no débito - dona dos lanches;BAR;670.07
2022-09-05;rshop-posto porta;ABS;195.81
2025-03-19;Posto Fênix Automotivo;ABS;850.01
2024-03-04;rshop-drogaria no;SAU;1235.1
2025-04-12;rshop-pag*drogal;SAU;850.17
2022-02-07;rshop-posto cidad;ABS;558.77
2020-02-09;pag*farmaciadopovo;SAU;1147.29
2024-09-12;itau seguros;SEG;749.93
2025-03-02;rshop-dentelie;SAU;1282.79
2023-02-03;cxe vivo-sp;ASS;111.81
2022-01-04;compra no débito - geo cosmeticos;LOJ;1374.42
2020-04-17;rshop-limpa limpo;MER;281.66
2020-07-11;mercadolivre*motorsma;LOJ;822.14
2023-07-14;Compra Farmácia Vida Plena;SAU;769.5
2025-03-28;rshop-pizza compa;BAR;116.83
2024-11-15;on ebanx spotif2701;LOJ;747.98
2023-03-11;Tag Livros Clube de leitura;ASS;97.64
2025-04-18;compra no débito - drogaria tododia;SAU;1429.67
2024-08-09;Supermercado Pão de Açúcar;MER;851.38
2024-08-03;1a99;LOJ;907.01
2024-11-02;rshop-adilson dos;LOJ;340.3
2022-08-29;pagamento de conta de agua;AGU;252.58
2020-07-13;ifd*ifood.com agencia;BAR;79.81
2023-01-25;Assinatura HBO Max;ASS;250.15
2021-05-29;pay -ifd*ifood;BAR;1903.93
2020-06-24;rshop-posto brasi;ABS;372.06
2022-07-28;rshop-amora froze;LOJ;67.18
2022-10-01;int ipva-sp frw-6462;IMP;292.52
2023-02-11;Compra Cinemark - Ingresso;LAZ;14135.39
2020-07-29;juros excesso lim conta;JUR;185.69
2023-08-29;uber one help.uber.com;TRP;28.41
2023-07-03;rshop-drogao supe;SAU;101.01
2021-08-04;rshop-xodo posto;ABS;947.11
2021-11-26;int /vivo-sp;ASS;149.67
2022-06-22;sisdeb sky+directv;ASS;174.93
2021-10-17;compra no débito - pag*eletronica;LOJ;1955.42
2023-07-26;int ipva-sp fbt-8481;IMP;40.48
2025-03-18;cxe multa sp;JUR;967.84
2022-05-16;cxe ipva-sp frw-6462;IMP;485.29
2020-01-01;pay  -marga;LOJ;1775.5
2021-05-11;shopee *avenuestor;LOJ;788.17
2025-01-20;pay  -shopping;LOJ;104.22
2020-03-31;Compra Supermercado Carrefour;MER;330.21
2022-11-11;rshop-carrefour;MER;1290.99
2024-08-06;rshop-drogaria tu;SAU;1488.17
2020-10-25;rshop-padovani ag;BAR;993.51
2021-08-03;rshop-loja 576;LOJ;1267.8
2022-08-24;pay -central lan;BAR;881.96
2023-01-22;pousada pe na terra;LAZ;15663.02
2024-12-15;int multa sp;JUR;362.37
2023-12-24;b pmg sao domingos;MER;1374.98
2022-11-13;crediario autom;CRD;14377.45
2020-04-16;nista vaz drogaria;SAU;335.55
2025-04-13;rshop-a precioso;LOJ;525.12
2022-08-31;encargos de atraso;TAR;44.37
2024-04-16;rshop-rodosnack;BAR;700.27
2022-12-13;rshop-mercado pag;MER;1908.49
2024-02-17;rshop-nicolau max;MER;894.35
2022-10-24;pay -starbucks;BAR;1602.73
2023-01-20;foto eletron;LOJ;1391.46
2023-04-02;rshop-subway;BAR;898.39
2020-03-07;compra no débito - brinks planet;LOJ;321.75
2025-01-20;editora e dist educaci;ASS;196.46
2021-06-08;Cinépolis;LAZ;1491.35
2022-01-24;Pagamento Amazon Kindle;ASS;291.63
2024-12-22;super pop ca-ct os;LOJ;1192.68
2023-04-06;tar talao domicilio;TAR;35.69
2023-10-04;rshop-bijucom;LOJ;1708.53
2023-09-07;rshop-sacolao che;MER;630.63
2023-01-08;rshop-manoel rodr;TRP;17.35
2024-02-04;Assinatura YouTube Premium;ASS;265.57
2021-08-09;pedagio;PED;42.35
2020-10-02;rshop-posto santa;ABS;922.12
2020-10-31;rshop-ebanx spoti;LOJ;1417.31
2025-01-18;Compra Panificadora Trigo Dourado;MER;1951.64
2024-06-26;crédito;CRD;9372.76
2022-12-28;rshop-atac;MER;1419.73
2021-06-26;rshop-farmacia sa;SAU;923.26
2021-08-21;rshop-drogareims;SAU;224.58
2024-12-24;rshop-supermercad;MER;1149.1
2025-04-16;pizzaria cillos;BAR;680.01
2020-12-15;rshop-hotel piva ;LAZ;15457.63
2020-07-02;rshop-zanini a lj;LOJ;653.51
2024-05-14;rshop-adilson dos;LOJ;760.13
2022-09-15;Compra Mini Mercado Sabor da Terra;MER;265.74
2022-02-07;coldibelli e hoffmann;LOJ;1650.05
2023-05-12;rshop-subway ouri;BAR;968.18
2023-09-19;Assinatura Crunchyroll Premium;ASS;131.11
2021-08-31;Netflix Streaming de filmes;ASS;298.52
